id,family,hypothesis,edge_source,evidence_grade,key_references,markets,timeframes,sqx_skeleton,phase1_test,priority,prop_fit,status,notes
TF-01,F1 Trend,"Donchian breakout (N 20-100) with ATR trailing stop, multi-asset basket",Behavioural,A,Moskowitz Ooi Pedersen 2012; Hurst Ooi Pedersen 2017; Szakmary et al 2010,"Indices, metals, energy, FX majors, bonds",D1,F1 Skeleton A (stop at Highest/Lowest),Forward returns after N-bar-high breaks vs unconditional; variance ratio >1 at 20-60d,1,Low,tested: validated but = vol-scaled beta,ETF universe 2007-26: Sharpe 0.58 = vol-scaled buy-and-hold 0.58
TF-02,F1 Trend,"Momentum sign / dual-MA, multi-asset basket",Behavioural,A,Levine Pedersen 2016; Moskowitz Ooi Pedersen 2012,"Indices, metals, energy, FX majors, bonds",D1,F1 Skeleton B (market on ROC/MA),Same as TF-01,1,Low,"tested (round 7, G6 = round-1 P6 on the prop universe): weak: +91 bps/month t=2.62 Holm 0.053; CFD financing leaves ~1.8%/yr",Expect high correlation with TF-01; keep the better one per market
TF-03,F1 Trend,H4 trend entries filtered by D1 trend (multi-timeframe),Behavioural,A,Moskowitz Ooi Pedersen 2012; Schulmeister 2009,"Metals, energy, indices",H4 + D1,F1 Skeleton A/B in multi-TF mode,Variance ratio at H4 horizons per market,2,Medium,dropped (round 7): no single testable specification,
TF-04,F1 Trend,"Crypto time-series momentum, 1-4 week lookback",Behavioural,B,Liu Tsyvinski 2021,"BTC, ETH",D1,F1 Skeleton B,Forward 1-4w returns conditional on past 1-4w sign,3,Low,covered: TF-06 (weekly crypto TSMOM) not validated; BTC is inside G6,Separate sleeve; 24/7 D1 bar definition must be fixed
TF-05,F1 Trend,FX trend only in the carry-positive direction,Behavioural + risk premium,B,Menkhoff et al 2012b; Burnside Eichenbaum Rebelo 2011,FX majors and crosses,D1,F1 + carry filter (see CA-01),Trend returns split by carry sign,2,Low,dropped (round 7): multi-week FX holds banned on FTMO Standard funded accounts; swap mark-ups,Merge with CA-01 if identical
MR-06,F2 Index MR,Next day after >= 3 consecutive down closes (US indices),Liquidity provision / index-product reversal,A-,Own data (research/validation); Baltussen van Bekkum Da 2019; Nagel 2012,"US500, US100, US30 (not DAX/FTSE/TSX/SMI/HSI)",D1 (entry at cash close),Market at close; exit next close,Done: discovery 1990-2012 q=0.01; confirmation 2013+ +21.9 bps t=3.0,1,Medium,validated (rounds 1-4): 15:55 entry +15.9 bps p=0.03; vol-scaled size lifts prop pass rate; round 7: 2026 +44 bps over 23 trades; ~half the edge is intraday (MR-08); needs weekend holds (FTMO Swing); not allowed at flat-by-close futures firms,Found by pre-registered scan; +21.9 bps/trade net 2013+; fails pre-1990; see evidence/edges/MR-06; prop: ~40% pass at 2x with EA guard (33% base); round 5: JP225/AUS200 pre-close entry +20.5/+13.8 bps; 15 untested world indices n.s.
MR-01,F2 Index MR,RSI(2-5) or IBS dip-buy above SMA(200),Structural + risk premium,B,Baltussen van Bekkum Da 2019; Pagonidis 2013; Connors Alvarez 2009,"US500, US100 first; others (GER40, UK100, JP225) tested separately",D1,F2 skeleton (long only),Next-day return by IBS bucket and after N-day lows above/below SMA200,1,High,tested: not validated,Own data: US +2.7 bps excess (t=1.1); non-US negative. Use as filter only. See research/validation/REPORT.md
MR-02,F2 Index MR,N-day-low close with a limit entry below the close,Structural + risk premium,B,Baltussen van Bekkum Da 2019; Connors Alvarez 2009,Index basket,D1,F2 skeleton with limit entry,Forward 1-5d returns after N-day lows,1,High,tested: not validated,"Own data: 5-day low, 3-day hold: -2.0 bps (t=-0.3)"
MR-03,F2 Index MR,MR only when volatility (ATR percentile or VIX) is elevated,Risk premium (liquidity provision),B,Nagel 2012,Index basket,D1,F2 skeleton + vol filter (multi-symbol VIX optional),MR-01 returns split by vol tercile,2,Medium,"tested (round 7, G4): not confirmed: MR-06 high-VIX minus low-VIX +12.7 bps t=1.58 (1990-2026)",Mechanism check: returns should rise with vol
MR-04,F2 Index MR,Fade strong last-hour moves over the next 1-3 days,Structural (reversal of hedging pressure),B,Baltussen Da Lammers Martens 2021,"US500, US100, GER40",H1 entry / D1 hold,F2 variant with intraday trigger,Next 1-3d return vs last-hour return,2,Medium,"tested (round 7, G7): weak: +9.0 bps/trade net t=2.10; 2026 holdout -0.3",
MR-05,F2 Index MR,Control: short-side MR below SMA(200),Control,C,Baltussen van Bekkum Da 2019,Index basket,D1,F2 skeleton (short only),Same as MR-01 (short side),3,Low,proposed,Expected weak; documents asymmetry
IM-01,F3 Intraday momentum,Last-30-minute continuation in the direction of the rest-of-day return,Structural (gamma hedging),B,Gao Han Li Zhou 2018; Baltussen Da Lammers Martens 2021; Rosa 2022 (OOS decay),"US500, US100 (+ US30, GER40)",M5-M30,F3 Skeleton A (session-anchored return custom block),Regression of last-30-min return on first-30-min / rest-of-day return,1,High,tested: not validated 2014-25 (P7 t=0.4; Gao P8 opposite sign t=-2.6); no 2022 flip,Own data (Yahoo 60m 2023-26): rest-of-day -> last 30m = -1.7 bps (t=-2.8). Test the flip on 2014-21 minute data
IM-02,F3 Intraday momentum,15/30/60-minute opening-range breakout,Structural + behavioural,B,Crabel 1990; Zarattini Aziz 2023; Holmberg et al 2013; Tsai et al 2019 (IEEE Access),"US100, US500, GER40",M5-M15,F3 Skeleton B,Forward return to close after OR break vs unconditional,1,High,"tested: partial 2014-25 (~+2.5 bps gross, ~+1 net; ~0R risk-sized); n.s. 2010-13",Three incompatible ORB definitions in the evidence (first-candle / range stop-entry / open threshold); see evidence/edges/IM-02
IM-03,F3 Intraday momentum,ORB on crude oil and gold,Structural + behavioural,B,Holmberg Lonnbark Lundstrom 2013,"WTI, XAUUSD",M5-M15,F3 Skeleton B,Same as IM-02,2,High,"tested (round 5, related): commodity intraday momentum decayed; noise-area on gold n.s.",
IM-04,F3 Intraday momentum,Noise-area intraday momentum (open +/- avg move-from-open at same time of day),Structural + behavioural,B-,Zarattini Aziz Barbon 2024,US500,M30 checks,F3 Skeleton C (custom indicator),Hit-rate of continuation after band break,2 (paper-trade first),High,"tested (round 5): confirmed on US100 only (+3.0 bps/day t=2.54 Holm 0.028); round 7: 2026 holdout +1.4 bps/day (consistent, 15% power); FTMO news blackout -11%; paper vol sizing worse (Sharpe 0.57 vs 0.73); second feed (X1) still to do",Working paper; full formula spec in evidence/edges/IM-04; most Sharpe gain from the VWAP exit choice
IM-05,F3 Intraday momentum,Intraday momentum only on high-volatility days,Structural + behavioural,B,Gao et al 2018; Li Sakkas Urquhart 2022; Rosa 2022,"US500, US100, GER40",M5-M30,F3 A/B + range/ATR filter,IM-01 regression split by volatility tercile,2,High,"tested: not validated (Rosa threshold P9 t=-0.3, 2014-25)",
VB-01,F4 Vol breakout,NR7 / ATR-ratio compression then stop-entry breakout,Statistical + behavioural,C,Engle Patton 2001; Crabel 1990,"FX, metals, indices",D1,F4 skeleton,Forward range after compression vs baseline; direction after break,2,Medium,"tested (round 7, G11): not confirmed: -1.0 bps net",Ablation: must beat same breakout without compression filter
VB-02,F4 Vol breakout,Asian-range breakout at the London open,Statistical + structural,C,Andersen Bollerslev 1997; Ranaldo 2009,"EURUSD, GBPUSD, XAUUSD, GER40",M15-H1,F4 session variant,Hourly vol profile; follow-through after Asian-range break,2,High,"tested (round 7, G8): weak gross (+1.1 bps t=2.54) but net -0.1; 2026 negative",No peer-reviewed support found; may conflict with USD reversal at London fix (Krohn et al 2024)
VB-03,F4 Vol breakout,Williams-style Open +/- k*ATR volatility breakout,Statistical + behavioural,C,Practitioner (Williams); Engle Patton 2001,"Indices, XAUUSD",D1/H4,F4 skeleton (open-based level),Forward return after open+k*ATR break,3,Medium,"tested (round 7, G10): weak: +1.5 bps/day net t=2.66 Holm 0.050 (US100 t=3.9); 2026 negative",
CF-01,F5 Calendar,Turn-of-month long (T-1 to T+3),Structural (flows),D,McConnell Xu 2008; Han Han Tian 2025 (disappears after 2001),Index basket,D1,Fixed rule + TradingDaysToMonthEnd custom block,TOM-window vs other-day returns per index and per year,3,None,control: decay confirmed,"Own data: +10.4 bps/day pre-2001 (t=3.9), +2.2 post (t=0.7)"
CF-02,F5 Calendar,Month-end rebalancing contrarian (equity vs bond month-to-date),Structural (rebalancing),B,Harvey Mazzoleni Melone 2025 (NBER WP 33554),"US500, GER40 (+ bond series)",D1,Multi-symbol + MonthToDateReturn custom block,Last-days returns conditional on MTD equity-bond spread,2,Medium,tested with paper timing: weak (+7.2 bps/day t=2.1 2002-26; n.s. after 2023-03),Own data: -26.5 bps (t=-2.8); re-read paper timing; P16 traded the day after rebalancing
CF-03,F5 Calendar,Turn-of-month as an entry/size overlay on MR-01,Structural,C,McConnell Xu 2008; Baltussen et al 2019,Index basket,D1,Overlay,MR-01 returns inside vs outside TOM window,3,Medium,proposed,Only if CF-01 is alive in your own post-2001 data
CF-04,F5 Calendar,Halloween regime overlay for long-only index sleeves,Unclear (seasonal),B,Bouman Jacobsen 2002,Index basket,D1,Overlay (month filter),Nov-Apr vs May-Oct returns per index,3,Low,"tested (round 7, G1): not confirmed: winter-summer +1.6 bps/day t=0.58 (SPY 2002-26)",Overlay only; too few independent observations to trade alone
CF-05,F5 Calendar,Decay controls: overnight 2-3am ET long; pre-FOMC long,Structural (dead),D,Boyarchenko Larsen Whelan 2023; NY Fed 2026; Lucca Moench 2015; Kurov et al 2021,US500 futures/CFD,H1,Fixed time rule,Track rolling effect size annually,3,None,control: decay confirmed (overnight 02-03 ET; FOMC-day premium ~0 after 2013),Never traded; calibrates edge-decay speed
FX-01,F6 FX flows,"Dollar reversals around Tokyo and London fixes: USD up into each fix, down after",Structural (order flow),B+,Krohn Mueller Whelan 2024 (JF); Ranaldo 2009; Breedon Ranaldo 2013,"EURUSD, GBPUSD, USDJPY, AUDUSD, G10 basket",H1,Time-gated fixed rule,"DOL/pair returns over NY close->Tokyo fix, Tokyo fix->EU open, EU open->London fix, London fix->NY close",2,Medium,"tested: W1+W4 result is a bid-rollover artifact; clean data real 2004-18, gone 2019+ and 2024-25",2023-26: NY close->Tokyo USD +1.8 bps/day (t=3.9); London fix->NY close -2.0 (t=-3.1); W3 fails; use bid/ask data; no boundary 17:00-18:30 NY
FX-02,F6 FX flows,Month-end London 4pm fix hedging flow (equity MTD return signal),Structural (hedging),B,Melvin Prins 2015; Evans 2018,"EURUSD, GBPUSD, USDJPY, AUDUSD",M15-H1,Multi-symbol + MonthToDateReturn + last-business-day custom blocks,Pre-fix return on month-end days vs MTD equity differential,2,Low,tested: not confirmed (2013-25 +0.8 bps t=0.6; 2004-12 +2.1 t=1.3),Test pre/post Feb 2015 fix-window change separately; exact windows in evidence/edges/FX-02
FX-03,F6 FX flows,Post-fix reversal,Structural (hedging),B,Melvin Prins 2015,Same as FX-02,M15-H1,Time-gated fixed rule,Post-fix return vs pre-fix move,3,Low,tested: not confirmed (post-fix reversal 2013-25 +1.7 bps t=0.8),
FX-04,F6 FX flows,Session volatility ramp as a filter for F4 breakouts,Statistical,B,Andersen Bollerslev 1997; Ranaldo 2009,FX majors,M15-H1,Overlay on VB-02,VB-02 results inside vs outside ramp window,3,Medium,proposed,
CA-01,F7 Carry,F1 trend signals on FX only in the carry-positive direction,Risk premium + behavioural,B,Koijen et al 2018; Burnside Eichenbaum Rebelo 2011; Menkhoff et al 2012b,FX majors and crosses (6+),D1,F1 + imported rate-differential series (multi-symbol),Trend returns split by carry sign,2,Low,dropped (round 7): as TF-05,Bracket swap scenarios (0/current/adverse)
CA-02,F7 Carry,Carry-direction swing that stands aside when FX volatility spikes,Risk premium,B,Menkhoff et al 2012a; Brunnermeier Nagel Pedersen 2008,FX crosses,D1,Carry filter + vol filter,Carry-direction returns by FX-vol tercile,3,Low,dropped (round 7): as TF-05,Stress-test Aug 2024 and 2008
IX-01,F8 Intermarket,MR entries only when VIX / realised vol is elevated,Risk premium,B,Nagel 2012,Index basket,D1,= MR-03,= MR-03,2,Medium,"tested (round 7, G4 = MR-03): not confirmed",Duplicate of MR-03 as an intermarket implementation
IX-02,F8 Intermarket,Commodity-currency momentum as a leading filter for commodities,Information flow (contested),D,Chen Rogoff Rossi 2010; Bork Rovira Kaltwasser Sercu (CFR replication),"XAUUSD, WTI",D1,Multi-symbol filter,Lead-lag correlation at D1/W1,3,None,parked,Replication finds no robust OOS predictability
IX-03,F8 Intermarket,AUDJPY/USDJPY trend only in the direction of the US500 trend (risk-on/off),Practitioner,C,Practitioner,"AUDJPY, USDJPY",D1/H4,Multi-symbol filter on F1,Conditional JPY-cross trend returns by US500 trend state,3,Low,"dropped (round 7): practitioner lore, no testable single specification",Check session-close alignment (look-ahead)
IX-04,F8 Intermarket,Stand aside from carry when cross-asset volatility spikes,Risk premium,B,Menkhoff et al 2012a,FX crosses,D1,Portfolio-level overlay,Sleeve returns by cross-asset vol regime,3,Low,proposed,Not for MR: Nagel 2012 implies MR pays more in high vol (see MR-03)
SR-01,F9 Range MR,Asian-session band fade on low-volatility crosses with limit entries,Liquidity provision,C,Andersen Bollerslev 1997 (context only),"EURGBP, AUDNZD (+2 more)",M15-H1,F9 skeleton,Hourly autocorrelation / variance ratio in Asian session,3,Low,"not tested: mirror image of VB-02 (G8), whose gross effect is a breakout",Grade C: pooled t>=3; <=5% risk until 6 months live
SR-02,F9 Range MR,Intraday range fade on index CFDs in low-volatility regimes only,Liquidity provision,C,Gao et al 2018 (complement),"US500, GER40",M15-H1,F9 skeleton + low-vol filter,Intraday autocorrelation split by vol tercile,3,Low,dropped (round 7): mirror image of N1 (tested),Complements IM-05
IM-06,F3 Intraday momentum,European index close momentum: sign(prior close -> 30 min before close) predicts the last 30 min (GER40 17:00-17:30 Berlin),Late-day hedging/informed trading (Baltussen et al. 2021 mechanism),D (own data),"Baltussen, Da, Lammers & Martens (2021); own data Q7-P12, R1, R2","GER40, FRA40, EU50, UK100",M1-M30,"time-gated entry 17:00, exit 17:30","done: 2014-25 t=4.85, 2010-13 t=-0.24",dropped,High if it worked,tested: failed confirmation on 2010-13; below costs on CAC/FTSE,"net +0.57 bps 2014-25, -0.18 from 2022"
CF-06,F5 Calendar,Macro-announcement premium: S&P 500 excess return on FOMC and employment-report days,Risk premium for announcement risk,C (own data),"Savor & Wilson (2013); Ai, Bansal & Guo (2024); own data Q1",US500,D1,calendar entry,done: +14 bps t=2.6; post-2013 +5 (p=0.18); FOMC post-2013 ~0,dropped,Low,"tested: partial, decayed after 2013",
TF-06,F1 Trend,"Crypto weekly time-series momentum (BTC, ETH)",Investor attention / underreaction,C (own data),Liu & Tsyvinski (2021); own data Q5,"BTCUSD, ETHUSD",W1,weekly sign of prior return,done: +61 bps/wk t=1.6 vs buy-hold +124,dropped,Low,tested: not validated,
MR-07,F2 Index MR,"Treasury ETFs (TLT, IEF) reverse after three down closes",Lead from the MR-06 mechanism check (Q4),Lead,"own data Q4 (TLT t=3.4, IEF t=2.6; exploratory)",TLT/IEF or bond futures,D1,as MR-06,pre-register on fresh data,3,Low-Medium,tested: opposite sign 1962-2001 (t=-2.0); lead rejected,"found in a mechanism check, not a test of it"
CF-07,F5 Calendar,Treasury end-of-month: long 7-10yr Treasuries over the last 3 trading days of the month,Index-rebalancing (duration extension) purchases by insurers; window dressing,A- (own data OOS),Hartley & Schwarz 2019 (SSRN 3440417); own data S2,"ZN, TN, ZB futures; IEF/TLT",D1,"calendar entry at close of E-3, exit close of E",done: IEF 2019-26 +19.8 bps/month t=2.95; 2002-18 +21.0 t=4.59,excluded,High (futures accounts),excluded by user (no Treasury strategies); validated in round 4,24 of 25 years positive; handle futures roll
CF-08,F5 Calendar,FOMC cycle: equity premium earned in even weeks after FOMC meetings,Fed information flow (paper),D (own data),"Cieslak, Morse & Vissing-Jorgensen 2019 (JF); own data S1",US500,D1,calendar filter,done: 1994-2016 +12 bps/day t=3.9; 2017- -4.8,control,Low,control: decayed after publication,
CF-09,F5 Calendar,Treasury auction cycle: prices dip before auctions and recover after,Dealer risk-bearing capacity (paper),C (own data),"Lou, Yan & Zhang 2013 (RFS); own data S3",ZN / IEF,D1,event window around auction dates,done: 2013- +8.1 bps t=0.9,dropped,Low,tested: not confirmed,
IM-07,F3 Intraday momentum,"Commodity intraday momentum (gold, silver, crude): rest-of-session -> last 30 min",,,Baltussen et al. 2021 (JFE); own data T1,,,,,dropped,,tested: not confirmed: 2011-20 +2.3 t=3.2 -> 2020-25 +0.4 t=0.9 (decayed),
IM-08,F3 Intraday momentum,Crude oil first half-hour predicts last half-hour,,,"Wen, Gong, Ma & Xu 2021 (Econ Modelling); own data T2",,,,,dropped,,tested: not confirmed: 2019-23 -0.2 bps,
IM-09,F3 Intraday momentum,EIA Wednesdays: 10:30-11:00 predicts last half-hour in crude,,,"Wen, Indriawan, Lien & Xu 2023 (Energy J); own data T3",,,,,dropped,,tested: not confirmed: -3.3 bps,
IM-10,F3 Intraday momentum,"Asian index intraday momentum (JP225, AUS200)",,,Baltussen et al. 2021; own data T7,,,,,dropped,,"tested: weak: +0.75 bps t=2.3, below cost",
CR-01,F3 Intraday momentum,Bitcoin intraday momentum: overnight+first half-hour -> last half-hour,,,"Shen, Urquhart & Wang 2022 (Fin Review); own data T4",,,,,dropped,,tested: not confirmed: -0.3 bps,
CR-02,F5 Calendar,Bitcoin long 22:00-24:00 UTC,,,Padysak & Vojtko 2021 (SSRN); own data T5,,,,,dropped,,tested: not confirmed: +1.5 bps vs 5 bps cost,
CR-03,F5 Calendar,Bitcoin Monday effect,,,Caporale & Plastun 2019 (FRL); own data T6,,,,,dropped,,tested: not confirmed: t=1.4,
CR-04,F8 Intermarket,Negative crypto weekend -> short US500 Monday (from Sunday futures reopen),,,FRL 2025 (vol 86); own data T8,,,,,dropped,,tested: not tradeable: -8 bps,
SC-01,Scan,"653-candidate scan: hour-of-day, day-of-week, streaks, IBS, breakouts on 24 prop instruments",,,own data X (A9),,,,,dropped,,"tested: 20 discovered 2011-17, 0 confirmed 2018-25; silver pre-fix hour weak (below cost)",
CF-10,F5 Calendar,"Options-expiration week strong, the week after weak (US500)",Option-hedge rebalancing,C,Stivers Sun 2013 JBF,US500,W1,Calendar filter,Round 7 G2/G3,-,Low,"tested (round 7, G2/G3): not confirmed, wrong sign (-21.9 bps/week t=-1.17)","2011-2026, after the paper's sample"
IX-05,F8 Intermarket,Volatility-managed index exposure (weight = c / prior-month variance),Volatility timing,B,Moreira Muir 2017 JF; Cederburg et al. 2020 JFE,US500,MN1,Sizing overlay,Round 7 G5,-,Low,"tested (round 7, G5): not confirmed: alpha +2.7%/yr t=0.99 (2016-26)",Sharpe equal to buy-and-hold after publication
CR-05,F8 Intermarket,High perpetual funding (crowded leverage) predicts weaker crypto returns,Leverage demand / limited arbitrage,C,Schmeling Schrimpf Todorov 2023 BIS WP 1087,"BTC, ETH",D1,Regime filter,Round 7 G9,-,Low,"tested (round 7, G9): not confirmed: -1.5 bps/day","The paper's carry trade itself is spot/futures arbitrage, not holdable in a CFD prop account"
MR-08,F2 Index MR,"MR-06 intraday leg: after 3 down closes, long 09:30 -> 16:00 next session",As MR-06,B (own data),Own data (round 7),"US500, US100",M1 (open/close),Market at open; exit at close,Round 7 G12,3 (paper-trade),Medium (flat-by-close accounts),"tested (round 7, G12): weak: +11.9 bps net t=2.12 (2014-25); SPY 1993-2026 +10.5 net t=2.65; 2026 26 trades -8.4",About half of MR-06's next-day return is intraday
IM-11,F3 Intraday momentum,Opening-gap fade on US indices,Overnight attention-driven buying reverses (Berkman et al. 2012),C,Berkman Koch Tuttle Zhang 2012 JFQA,"US500, US100",M1,Market at open; exit at close,Round 7 G13,-,-,"tested (round 7, G13): not confirmed: -1.4 bps net",
CS-01,F1 Trend,Cross-sectional momentum across equity-index CFDs (12-1 months),Behavioural,B,Asness Moskowitz Pedersen 2013 JF; Chan Hameed Tong 2000 JFQA,14 equity indices,MN1,Portfolio rotation,Round 7 H1,-,Low,"tested (round 7, H1): not confirmed: -17 bps/month net (2013-26); 2000-12 also negative",
CF-11,F5 Calendar,"Earnings-announcement premium in large US stocks (stock CFDs), close E-2 -> close E",Announcement risk premium,A (literature),Frazzini Lamont 2007; Barber De George Lehavy Trueman 2013 JFE; Savor Wilson 2016 JF,19 largest US stocks at end-2013,D1,Event calendar (EDGAR 8-K Item 2.02),Round 7 H2,-,Low,"tested (round 7, H2): not confirmed: +13.7 bps gross t=0.71 (2014-26); was +46.6 t=1.89 in 2005-13 (decayed)",Event times from SEC EDGAR acceptance timestamps
MR-09,F2 Index MR,MR-06 on single large stocks,Short-term reversal / liquidity provision,B,Jegadeesh 1990; Nagel 2012,19 largest US stocks at end-2013,D1,As MR-06,Round 7 H3,-,Low,"tested (round 7, H3): confirmed by rule but economically nil: +1.0 bps net, market-adjusted -2.3, DSR 0.002",Mostly the index reversal again
FAM-A,F2 Index MR,Index short-term reversal family: 12 signals x 3 exits x 3 filters x 8 indices (864 variants),Liquidity provision / index-product reversal,"A- (own data, family)",Baltussen van Bekkum Da 2019; Nagel 2012; Hansen 2005; Romano Wolf 2005; Bailey et al. 2017,US500 US100 US30 US2000 JP225 (not DAX/FTSE/ASX),D1,Ensemble of market-at-close entries,Round 9 (A22),1,High (ensemble),"EDGE FAMILY (round 9): SPA p=0.031 timing value, PBO 0.19, walk-forward Sharpe 0.47 t=2.1; RW survivors US100 IBS<0.10 and RSI2<20 (first-up-close exit)",See evidence/edges/REV_index_reversal_family.md and research/strategy_library.csv
FAM-B,F3 Intraday momentum,Noise-area family: lookback x band x grid x exit on 9 markets (324 variants),Structural + behavioural,B- (own data),Zarattini Aziz Barbon 2024,US100 (US500 n.s.),M30/M60,Custom indicator,Round 9 (A22),2,High,"WEAK FAMILY (round 9): SPA 0.23 overall, US100 0.036; PBO 0.06; walk-forward t=1.3; 2026 median Sharpe -0.9",19 robust US100 variants in the strategy library
FAM-C,F1 Trend,Trend family: 4 lookbacks x 3 signals x 2 sizings x 2 rebalances (48 variants),Behavioural / risk premium,B (own data),Moskowitz Ooi Pedersen 2012,17 ETFs + BTC,D1,Portfolio,Round 9 (A22),-,Low,"WEAK FAMILY raw (SPA 0.16, PBO 0.61, walk-forward t=0.9); no timing value",Not for prop (financing)
FAM-D,F7 Carry,G10 carry (with/without vol filter) and currency momentum (10 variants),Risk premium,C (own data),Lustig Roussanov Verdelhan 2011; Menkhoff et al. 2012,G10 FX,MN1,Portfolio,Round 9 (A22),-,Low,"NO EDGE (round 9): carry Sharpe 0.4-0.55 before 2012, ~0 after with swap mark-up; momentum negative",
