market,signal,exit,filter,sharpe_timing_a,sharpe_raw_a,sharpe_timing_b,sharpe_raw_b,sharpe_timing_c,sharpe_raw_c,sharpe_timing_c_no_weekend,sharpe_raw_c_no_weekend,trades_per_year_c,exposure_pct_c,positive_timing_all_three,family_a_tier
GER40,D15,X1,DN,-0.36,-0.36,-0.3,-0.31,0.11,0.06,0.53,0.45,7.1,2.9,False,reject
GER40,D15,X1,F0,-0.42,-0.37,-0.39,-0.33,-0.25,-0.07,0.16,0.28,17.9,7.2,False,reject
GER40,D15,X1,UP,-0.35,-0.05,-0.46,-0.14,-0.52,-0.17,-0.35,-0.09,10.8,4.3,False,reject
GER40,D15,X3,DN,-0.35,-0.34,-0.27,-0.29,-0.29,-0.31,0.04,-0.04,5.8,7.0,False,reject
GER40,D15,X3,F0,-0.43,-0.28,-0.47,-0.31,-0.45,-0.3,-0.15,-0.01,14.7,17.7,False,reject
GER40,D15,X3,UP,-0.4,0.13,-0.62,-0.01,-0.47,0.12,-0.33,0.01,9.3,11.2,False,reject
GER40,D15,XU,DN,-0.33,-0.33,-0.27,-0.29,-0.25,-0.27,0.22,0.14,5.9,4.1,False,3 (positive)
GER40,D15,XU,F0,-0.35,-0.26,-0.36,-0.29,-0.3,-0.23,0.06,0.18,14.9,10.1,False,3 (positive)
GER40,D15,XU,UP,-0.15,0.15,-0.39,-0.04,-0.15,0.2,-0.24,0.04,9.6,6.2,False,3 (positive)
GER40,I10,X1,DN,-0.2,-0.21,-0.19,-0.21,-0.39,-0.47,-0.14,-0.26,8.2,3.3,False,reject
GER40,I10,X1,F0,-0.33,-0.24,-0.39,-0.27,-0.78,-0.36,-0.55,-0.24,21.2,8.5,False,reject
GER40,I10,X1,UP,-0.63,-0.17,-0.83,-0.29,-0.72,-0.03,-0.63,-0.08,13.0,5.2,False,reject
GER40,I10,X3,DN,-0.22,-0.24,-0.18,-0.22,-0.23,-0.26,-0.06,-0.2,6.9,8.3,False,reject
GER40,I10,X3,F0,-0.4,-0.19,-0.51,-0.23,-0.57,-0.26,-0.55,-0.15,18.0,21.7,False,reject
GER40,I10,X3,UP,-0.46,-0.22,-0.99,-0.01,-1.06,0.09,-0.76,-0.02,11.4,13.7,False,reject
GER40,I10,XU,DN,-0.23,-0.24,-0.12,-0.16,-0.27,-0.3,-0.01,-0.13,7.1,5.5,False,reject
GER40,I10,XU,F0,-0.36,-0.21,-0.32,-0.18,-0.48,-0.27,-0.65,-0.22,18.4,13.9,False,reject
GER40,I10,XU,UP,-0.42,-0.26,-0.75,-0.1,-0.84,0.11,-0.93,-0.22,11.5,8.5,False,reject
GER40,I25,X1,DN,-0.15,-0.15,-0.14,-0.18,-0.34,-0.38,-0.14,-0.26,20.5,8.2,False,reject
GER40,I25,X1,F0,-0.38,-0.16,-0.52,-0.3,-0.68,-0.46,-0.88,-0.45,53.0,21.3,False,reject
GER40,I25,X1,UP,-0.82,-0.05,-1.25,-0.46,-1.28,-0.35,-1.17,-0.41,32.5,13.0,False,reject
GER40,I25,X3,DN,-0.06,-0.1,-0.05,-0.11,-0.2,-0.26,-0.04,-0.18,14.5,17.5,False,3 (positive)
GER40,I25,X3,F0,-0.43,-0.06,-0.62,-0.24,-0.76,-0.36,-0.84,-0.26,36.9,44.4,False,reject
GER40,I25,X3,UP,-0.62,-0.17,-1.51,-0.34,-1.53,-0.27,-1.25,-0.23,22.8,27.5,False,reject
GER40,I25,XU,DN,-0.14,-0.16,-0.04,-0.1,-0.2,-0.26,-0.07,-0.2,15.2,11.4,False,3 (positive)
GER40,I25,XU,F0,-0.43,-0.15,-0.45,-0.18,-0.61,-0.33,-0.85,-0.35,39.4,29.3,False,reject
GER40,I25,XU,UP,-0.54,-0.22,-1.23,-0.31,-1.33,-0.28,-1.25,-0.37,24.8,18.3,False,reject
GER40,K2,X1,DN,-0.24,-0.23,-0.27,-0.3,-0.27,-0.3,0.13,0.03,19.0,7.6,False,reject
GER40,K2,X1,F0,-0.46,-0.24,-0.49,-0.31,-0.47,-0.28,-0.28,0.13,50.3,20.2,False,reject
GER40,K2,X1,UP,-0.84,-0.05,-0.79,-0.07,-0.79,0.07,-0.63,0.18,31.4,12.6,False,reject
GER40,K2,X3,DN,-0.25,-0.22,-0.17,-0.2,-0.22,-0.25,-0.03,-0.14,11.4,13.7,False,3 (positive)
GER40,K2,X3,F0,0.09,0.2,0.1,0.2,-0.6,-0.26,-0.52,-0.01,30.9,37.2,False,reject
GER40,K2,X3,UP,0.1,0.2,0.08,0.19,-1.2,-0.13,-0.85,0.11,20.4,24.6,False,reject
GER40,K2,XU,DN,-0.24,-0.23,-0.27,-0.3,-0.26,-0.29,0.14,0.04,10.7,7.7,False,reject
GER40,K2,XU,F0,-0.44,-0.22,-0.48,-0.3,-0.46,-0.26,-0.26,0.14,29.3,20.4,False,reject
GER40,K2,XU,UP,-0.47,-0.26,-0.51,-0.28,-0.55,-0.3,-0.76,-0.03,19.3,13.4,False,reject
GER40,K3,X1,DN,-0.25,-0.25,-0.32,-0.34,-0.31,-0.33,0.08,0.0,9.7,3.9,False,reject
GER40,K3,X1,F0,-0.32,-0.21,-0.4,-0.32,-0.4,-0.32,-0.13,0.06,22.0,8.9,False,3 (positive)
GER40,K3,X1,UP,-0.41,0.2,-0.45,0.07,-0.52,0.08,-0.38,0.11,12.3,4.9,False,3 (positive)
GER40,K3,X3,DN,-0.33,-0.3,-0.33,-0.35,-0.33,-0.36,0.0,-0.09,5.9,7.1,False,reject
GER40,K3,X3,F0,-0.42,-0.22,-0.38,-0.24,-0.41,-0.26,-0.07,0.09,13.7,16.5,False,3 (positive)
GER40,K3,X3,UP,-0.33,0.34,-0.3,-0.13,-0.36,-0.17,-0.17,0.33,7.9,9.5,False,3 (positive)
GER40,K3,XU,DN,-0.25,-0.24,-0.32,-0.34,-0.31,-0.33,0.09,0.01,5.5,4.0,False,reject
GER40,K3,XU,F0,-0.31,-0.2,-0.4,-0.32,-0.41,-0.32,-0.12,0.07,12.5,9.1,False,3 (positive)
GER40,K3,XU,UP,-0.23,0.24,-0.34,-0.24,-0.39,-0.27,-0.47,-0.03,7.3,5.5,False,3 (positive)
GER40,K4,X1,DN,0.17,0.16,-0.34,-0.36,-0.31,-0.32,0.04,-0.01,5.0,2.0,False,reject
GER40,K4,X1,F0,0.13,0.32,-0.4,-0.36,-0.36,-0.32,-0.13,-0.02,9.9,4.0,False,3 (positive)
GER40,K4,X1,UP,-0.03,0.38,-0.41,-0.05,-0.44,0.01,-0.44,-0.04,4.9,2.0,False,3 (positive)
GER40,K4,X3,DN,0.19,0.21,-0.35,-0.37,-0.37,-0.4,-0.12,-0.18,3.0,3.6,False,reject
GER40,K4,X3,F0,-0.16,0.12,-0.44,-0.37,-0.43,-0.36,-0.25,-0.14,6.2,7.5,False,reject
GER40,K4,X3,UP,-0.49,-0.06,-0.5,0.02,-0.56,0.03,-0.44,-0.06,3.2,3.9,False,3 (positive)
GER40,K4,XU,DN,0.18,0.16,-0.34,-0.36,-0.31,-0.32,0.04,-0.01,2.7,2.0,False,reject
GER40,K4,XU,F0,0.15,0.34,-0.4,-0.36,-0.35,-0.32,-0.12,-0.02,5.6,4.1,False,3 (positive)
GER40,K4,XU,UP,-0.07,0.36,-0.26,0.07,-0.47,-0.11,-0.53,-0.21,3.2,2.3,False,3 (positive)
GER40,K5,X1,DN,-0.14,-0.16,-0.11,-0.16,-0.32,-0.32,0.02,-0.01,2.6,1.0,False,reject
GER40,K5,X1,F0,-0.21,-0.09,-0.29,-0.22,-0.35,-0.33,-0.13,-0.05,4.3,1.7,False,reject
GER40,K5,X1,UP,-0.17,0.11,-0.41,-0.19,-0.44,-0.13,-0.53,-0.19,1.7,0.7,False,3 (positive)
GER40,K5,X3,DN,0.06,0.09,-0.0,-0.06,-0.35,-0.36,-0.12,-0.16,1.3,1.6,False,reject
GER40,K5,X3,F0,-0.04,0.15,-0.28,-0.18,-0.41,-0.38,-0.31,-0.25,2.4,2.9,False,reject
GER40,K5,X3,UP,-0.31,0.14,-0.52,-0.24,-0.66,-0.39,-0.63,-0.43,1.2,1.4,False,reject
GER40,K5,XU,DN,-0.14,-0.15,-0.11,-0.15,-0.31,-0.32,0.02,-0.01,1.3,1.0,False,reject
GER40,K5,XU,F0,-0.2,-0.08,-0.28,-0.22,-0.35,-0.33,-0.13,-0.05,2.2,1.7,False,reject
GER40,K5,XU,UP,-0.2,0.13,-0.22,-0.03,-0.44,-0.24,-0.58,-0.34,1.2,0.9,False,3 (positive)
GER40,L10,X1,DN,-0.25,-0.22,-0.16,-0.22,-0.08,-0.13,0.05,-0.03,15.1,6.1,False,reject
GER40,L10,X1,F0,-0.27,-0.01,-0.42,-0.19,-0.16,0.07,0.02,0.21,32.9,13.2,False,3 (positive)
GER40,L10,X1,UP,-0.11,0.32,-0.48,-0.02,-0.18,0.35,-0.04,0.44,17.8,7.2,False,3 (positive)
GER40,L10,X3,DN,-0.34,-0.26,-0.01,-0.04,-0.17,-0.19,-0.14,-0.23,8.3,10.0,False,reject
GER40,L10,X3,F0,-0.46,-0.03,-0.3,0.12,-0.35,0.08,-0.27,-0.06,19.1,23.0,False,reject
GER40,L10,X3,UP,-0.27,0.34,-0.41,0.38,-0.33,0.5,-0.26,0.22,11.2,13.5,False,3 (positive)
GER40,L10,XU,DN,-0.24,-0.21,-0.15,-0.2,-0.07,-0.12,0.06,-0.02,8.5,6.1,False,reject
GER40,L10,XU,F0,-0.25,0.01,-0.4,-0.17,-0.14,0.09,0.04,0.22,19.3,13.2,False,3 (positive)
GER40,L10,XU,UP,-0.1,0.24,-0.41,0.05,-0.16,0.34,-0.11,0.33,11.6,7.6,False,3 (positive)
GER40,L5,X1,DN,-0.24,-0.24,-0.17,-0.21,-0.2,-0.24,0.22,0.11,21.7,8.7,False,reject
GER40,L5,X1,F0,-0.38,-0.18,-0.42,-0.24,-0.36,-0.19,-0.03,0.3,55.4,22.3,False,3 (positive)
GER40,L5,X1,UP,-0.52,0.18,-0.81,-0.14,-0.6,0.16,-0.33,0.36,33.7,13.5,False,3 (positive)
GER40,L5,X3,DN,-0.25,-0.23,-0.12,-0.16,-0.2,-0.24,0.06,-0.07,12.2,14.8,False,reject
GER40,L5,X3,F0,0.12,0.22,-0.46,-0.17,-0.45,-0.15,-0.18,0.18,32.1,38.6,False,3 (positive)
GER40,L5,X3,UP,0.2,0.31,-0.85,0.1,-0.7,0.28,-0.37,0.39,20.8,25.1,False,3 (positive)
GER40,L5,XU,DN,-0.23,-0.24,-0.17,-0.2,-0.19,-0.23,0.23,0.11,12.8,8.7,False,3 (positive)
GER40,L5,XU,F0,-0.37,-0.17,-0.4,-0.23,-0.35,-0.17,-0.01,0.32,32.8,22.3,False,3 (positive)
GER40,L5,XU,UP,-0.47,0.15,-0.69,-0.01,-0.56,0.18,-0.36,0.3,21.0,14.2,False,3 (positive)
GER40,R10,X1,DN,-0.2,-0.19,-0.26,-0.29,-0.3,-0.33,0.21,0.1,13.2,5.3,False,reject
GER40,R10,X1,F0,-0.23,-0.14,-0.32,-0.28,-0.36,-0.32,-0.05,0.04,24.9,10.0,False,3 (positive)
GER40,R10,X1,UP,-0.19,0.21,-0.36,0.02,-0.35,0.05,-0.48,-0.11,11.7,4.7,False,3 (positive)
GER40,R10,X3,DN,-0.22,-0.21,-0.24,-0.27,-0.32,-0.36,0.11,-0.01,7.1,8.6,False,reject
GER40,R10,X3,F0,-0.32,-0.18,-0.28,-0.19,-0.39,-0.31,-0.13,-0.05,14.1,17.0,False,reject
GER40,R10,X3,UP,-0.42,0.06,-0.23,0.31,-0.36,0.24,-0.45,-0.07,7.3,8.9,False,reject
GER40,R10,XU,DN,-0.19,-0.19,-0.25,-0.28,-0.3,-0.33,0.22,0.11,7.4,5.3,False,reject
GER40,R10,XU,F0,-0.22,-0.14,-0.31,-0.27,-0.35,-0.31,-0.04,0.05,14.1,10.0,False,3 (positive)
GER40,R10,XU,UP,-0.08,0.24,-0.28,0.1,-0.33,0.06,-0.49,-0.15,7.2,4.9,False,3 (positive)
GER40,R20,X1,DN,-0.24,-0.23,-0.18,-0.22,-0.23,-0.27,0.39,0.26,19.7,7.9,False,reject
GER40,R20,X1,F0,-0.36,-0.18,-0.36,-0.21,-0.35,-0.2,0.13,0.43,46.0,18.5,False,3 (positive)
GER40,R20,X1,UP,-0.48,0.13,-0.64,-0.0,-0.48,0.23,-0.32,0.38,26.3,10.6,False,3 (positive)
GER40,R20,X3,DN,-0.28,-0.24,-0.16,-0.2,-0.24,-0.28,0.04,-0.09,10.5,12.7,False,reject
GER40,R20,X3,F0,0.1,0.19,-0.49,-0.23,-0.55,-0.27,-0.29,0.03,26.1,31.4,False,reject
GER40,R20,X3,UP,0.19,0.28,-0.9,0.01,-0.99,-0.0,-0.59,0.14,16.3,19.7,False,reject
GER40,R20,XU,DN,-0.23,-0.22,-0.18,-0.21,-0.22,-0.26,0.4,0.27,11.5,7.9,False,reject
GER40,R20,XU,F0,-0.35,-0.17,-0.35,-0.2,-0.33,-0.19,0.14,0.45,27.4,18.5,False,3 (positive)
GER40,R20,XU,UP,-0.43,0.11,-0.62,-0.0,-0.57,0.1,-0.42,0.23,16.6,11.1,False,3 (positive)
GER40,R5,X1,DN,0.17,0.15,-0.1,-0.16,-0.26,-0.27,0.21,0.14,6.8,2.7,False,3 (positive)
GER40,R5,X1,F0,0.14,0.22,-0.17,-0.1,-0.29,-0.27,0.08,0.13,12.2,4.9,False,3 (positive)
GER40,R5,X1,UP,-0.02,0.2,-0.17,0.1,-0.27,0.04,-0.33,0.0,5.4,2.2,False,2 (robust)
GER40,R5,X3,DN,0.04,0.07,0.06,0.02,-0.23,-0.24,0.06,-0.02,3.9,4.8,False,3 (positive)
GER40,R5,X3,F0,0.05,0.23,0.02,0.19,-0.28,-0.21,-0.02,0.05,7.3,8.8,False,3 (positive)
GER40,R5,X3,UP,0.1,0.42,0.05,0.4,-0.22,0.23,-0.16,0.18,3.5,4.2,False,3 (positive)
GER40,R5,XU,DN,0.18,0.15,-0.1,-0.16,-0.25,-0.27,0.21,0.14,4.1,2.7,False,3 (positive)
GER40,R5,XU,F0,0.15,0.24,-0.16,-0.09,-0.29,-0.26,0.09,0.14,7.1,4.9,False,3 (positive)
GER40,R5,XU,UP,0.05,0.19,-0.1,0.15,-0.27,-0.02,-0.42,-0.15,3.3,2.3,False,3 (positive)
JP225,D15,X1,DN,-0.13,-0.09,-0.27,-0.24,-0.05,-0.02,0.37,0.38,8.2,3.3,False,3 (positive)
JP225,D15,X1,F0,-0.17,-0.08,-0.22,-0.13,-0.02,0.05,0.33,0.4,17.2,6.9,False,3 (positive)
JP225,D15,X1,UP,-0.11,-0.01,-0.01,0.09,0.05,0.16,0.05,0.14,9.0,3.6,False,3 (positive)
JP225,D15,X3,DN,-0.12,-0.07,-0.0,0.05,-0.07,-0.02,0.12,0.16,6.3,7.5,False,reject
JP225,D15,X3,F0,-0.12,0.03,-0.35,-0.2,-0.17,-0.02,-0.06,0.04,13.7,16.4,False,reject
JP225,D15,X3,UP,-0.15,0.03,-0.57,-0.39,-0.21,-0.05,-0.29,-0.16,7.8,9.3,False,reject
JP225,D15,XU,DN,0.07,0.1,-0.25,-0.21,0.03,0.06,0.36,0.38,6.5,5.0,False,3 (positive)
JP225,D15,XU,F0,0.06,0.16,-0.3,-0.19,0.02,0.11,0.35,0.43,13.8,9.8,False,3 (positive)
JP225,D15,XU,UP,0.02,0.13,-0.23,-0.11,-0.05,0.04,0.08,0.19,8.0,5.5,False,reject
JP225,I10,X1,DN,0.33,0.36,0.08,0.12,0.34,0.37,0.46,0.49,9.2,3.7,True,3 (positive)
JP225,I10,X1,F0,0.09,0.2,-0.23,-0.11,-0.08,0.03,0.03,0.15,23.0,9.1,False,3 (positive)
JP225,I10,X1,UP,-0.22,-0.08,-0.44,-0.3,-0.6,-0.45,-0.48,-0.33,13.7,5.5,False,reject
JP225,I10,X3,DN,0.11,0.16,0.21,0.28,0.21,0.27,-0.02,0.03,7.8,9.3,True,3 (positive)
JP225,I10,X3,F0,-0.12,0.08,-0.15,0.07,-0.26,-0.05,-0.49,-0.31,19.9,23.8,False,3 (positive)
JP225,I10,X3,UP,-0.34,-0.12,-0.31,-0.07,-0.59,-0.33,-0.65,-0.44,12.3,14.7,False,reject
JP225,I10,XU,DN,0.25,0.27,0.1,0.14,0.39,0.43,0.34,0.37,8.4,5.6,True,2 (robust)
JP225,I10,XU,F0,0.19,0.31,-0.1,0.05,0.14,0.28,0.08,0.21,20.8,14.9,False,3 (positive)
JP225,I10,XU,UP,-0.0,0.15,-0.22,-0.04,-0.17,0.02,-0.23,-0.07,12.7,9.4,False,3 (positive)
JP225,I25,X1,DN,0.35,0.39,0.13,0.21,0.71,0.77,0.81,0.87,21.9,8.7,True,3 (positive)
JP225,I25,X1,F0,0.21,0.39,-0.12,0.12,0.23,0.46,0.19,0.41,62.5,24.9,False,3 (positive)
JP225,I25,X1,UP,-0.11,0.13,-0.3,-0.04,-0.51,-0.22,-0.61,-0.35,40.6,16.2,False,reject
JP225,I25,X3,DN,0.16,0.24,0.41,0.52,0.49,0.6,0.37,0.45,15.2,18.2,True,3 (positive)
JP225,I25,X3,F0,0.12,0.42,0.08,0.44,0.0,0.35,-0.15,0.16,42.5,50.8,True,3 (positive)
JP225,I25,X3,UP,-0.11,0.26,-0.24,0.15,-0.47,-0.07,-0.6,-0.25,28.1,33.6,False,reject
JP225,I25,XU,DN,0.35,0.4,0.13,0.2,0.65,0.72,0.72,0.78,17.1,11.1,True,3 (positive)
JP225,I25,XU,F0,0.37,0.58,-0.09,0.19,0.35,0.61,0.3,0.55,47.9,34.0,False,3 (positive)
JP225,I25,XU,UP,0.13,0.39,-0.35,-0.03,-0.19,0.14,-0.31,-0.02,31.7,23.5,False,reject
JP225,K2,X1,DN,0.41,0.45,-0.07,-0.01,0.19,0.24,0.38,0.43,18.7,7.5,False,3 (positive)
JP225,K2,X1,F0,0.18,0.37,0.07,0.28,0.23,0.41,0.45,0.63,52.2,20.8,True,3 (positive)
JP225,K2,X1,UP,-0.14,0.09,0.18,0.43,0.12,0.35,0.25,0.47,33.5,13.3,False,3 (positive)
JP225,K2,X3,DN,0.34,0.42,0.29,0.37,0.3,0.37,0.12,0.19,11.6,13.9,True,2 (robust)
JP225,K2,X3,F0,0.09,0.35,0.1,0.4,0.33,0.61,0.14,0.38,31.7,37.8,True,2 (robust)
JP225,K2,X3,UP,-0.34,-0.04,-0.19,0.14,0.15,0.49,0.06,0.35,21.2,25.4,False,3 (positive)
JP225,K2,XU,DN,0.45,0.49,-0.04,0.02,0.22,0.26,0.4,0.44,11.0,7.5,False,3 (positive)
JP225,K2,XU,F0,0.26,0.46,0.14,0.35,0.3,0.48,0.5,0.67,30.1,21.0,True,3 (positive)
JP225,K2,XU,UP,-0.04,0.18,0.14,0.37,0.21,0.44,0.34,0.56,20.5,14.5,False,3 (positive)
JP225,K3,X1,DN,0.05,0.07,-0.24,-0.21,0.43,0.46,0.37,0.4,9.5,3.8,False,3 (positive)
JP225,K3,X1,F0,0.21,0.33,-0.12,-0.0,0.55,0.66,0.49,0.6,22.9,9.1,False,2 (robust)
JP225,K3,X1,UP,0.24,0.38,0.12,0.27,0.34,0.48,0.33,0.46,13.4,5.3,True,3 (positive)
JP225,K3,X3,DN,-0.01,0.02,0.07,0.13,0.21,0.25,0.02,0.06,6.1,7.3,False,3 (positive)
JP225,K3,X3,F0,0.11,0.27,0.02,0.19,0.22,0.38,0.11,0.25,14.5,17.3,True,3 (positive)
JP225,K3,X3,UP,-0.05,0.14,-0.04,0.16,0.09,0.3,0.19,0.37,9.0,10.8,False,reject
JP225,K3,XU,DN,0.09,0.11,-0.22,-0.19,0.45,0.48,0.39,0.42,5.7,3.9,False,3 (positive)
JP225,K3,XU,F0,0.28,0.4,-0.07,0.04,0.61,0.72,0.53,0.64,13.7,9.3,False,2 (robust)
JP225,K3,XU,UP,0.2,0.33,0.13,0.27,0.39,0.53,0.43,0.56,8.8,5.8,True,3 (positive)
JP225,K4,X1,DN,-0.2,-0.2,0.07,0.09,0.38,0.41,0.16,0.19,4.7,1.9,False,3 (positive)
JP225,K4,X1,F0,0.16,0.21,0.17,0.23,0.57,0.63,0.37,0.44,9.6,3.8,True,2 (robust)
JP225,K4,X1,UP,0.53,0.6,0.2,0.27,0.45,0.52,0.41,0.48,4.9,1.9,True,2 (robust)
JP225,K4,X3,DN,-0.5,-0.49,0.09,0.13,0.09,0.13,-0.21,-0.17,3.2,3.8,False,3 (positive)
JP225,K4,X3,F0,-0.12,-0.02,0.17,0.27,0.24,0.35,0.01,0.1,6.4,7.6,False,3 (positive)
JP225,K4,X3,UP,0.38,0.51,0.23,0.34,0.23,0.35,0.27,0.37,3.6,4.2,True,2 (robust)
JP225,K4,XU,DN,-0.17,-0.17,0.08,0.11,0.4,0.43,0.17,0.21,2.9,1.9,False,3 (positive)
JP225,K4,XU,F0,0.19,0.25,0.21,0.27,0.61,0.67,0.41,0.49,6.2,3.9,True,2 (robust)
JP225,K4,XU,UP,0.52,0.6,0.21,0.27,0.33,0.41,0.46,0.53,3.6,2.2,True,2 (robust)
JP225,K5,X1,DN,0.01,0.02,0.26,0.27,0.16,0.17,0.16,0.17,2.1,0.8,True,3 (positive)
JP225,K5,X1,F0,0.11,0.13,0.37,0.39,0.31,0.34,0.27,0.29,3.5,1.4,True,3 (positive)
JP225,K5,X1,UP,0.21,0.24,0.3,0.32,0.4,0.42,0.27,0.28,1.3,0.5,True,3 (positive)
JP225,K5,X3,DN,-0.09,-0.08,0.36,0.38,0.29,0.31,0.05,0.07,1.3,1.6,False,3 (positive)
JP225,K5,X3,F0,0.12,0.15,0.32,0.36,0.34,0.39,0.1,0.14,2.3,2.7,True,2 (robust)
JP225,K5,X3,UP,0.4,0.44,0.09,0.14,0.23,0.28,0.1,0.14,1.0,1.2,True,3 (positive)
JP225,K5,XU,DN,0.02,0.03,0.27,0.28,0.14,0.16,0.14,0.16,1.3,0.9,True,3 (positive)
JP225,K5,XU,F0,0.12,0.14,0.38,0.4,0.34,0.37,0.29,0.32,2.2,1.5,True,3 (positive)
JP225,K5,XU,UP,0.22,0.25,0.35,0.37,0.48,0.5,0.34,0.35,1.0,0.6,True,3 (positive)
JP225,L10,X1,DN,0.14,0.17,-0.28,-0.24,0.13,0.16,0.36,0.39,16.7,6.6,False,3 (positive)
JP225,L10,X1,F0,0.17,0.29,-0.2,-0.08,0.21,0.31,0.36,0.46,33.7,13.4,False,2 (robust)
JP225,L10,X1,UP,0.1,0.25,0.05,0.2,0.19,0.33,0.12,0.25,17.1,6.8,True,2 (robust)
JP225,L10,X3,DN,0.02,0.07,0.11,0.17,0.1,0.15,0.09,0.13,9.6,11.5,True,2 (robust)
JP225,L10,X3,F0,0.17,0.35,-0.1,0.07,0.08,0.24,-0.05,0.1,19.3,23.0,False,2 (robust)
JP225,L10,X3,UP,0.12,0.33,-0.29,-0.1,0.16,0.37,-0.15,0.03,10.5,12.5,False,2 (robust)
JP225,L10,XU,DN,0.17,0.2,-0.25,-0.22,0.15,0.18,0.38,0.41,9.2,6.6,False,3 (positive)
JP225,L10,XU,F0,0.22,0.33,-0.15,-0.04,0.25,0.35,0.39,0.49,19.4,13.4,False,2 (robust)
JP225,L10,XU,UP,0.13,0.27,0.02,0.16,0.14,0.28,0.1,0.23,11.0,7.5,True,2 (robust)
JP225,L5,X1,DN,0.4,0.44,-0.26,-0.2,0.2,0.24,0.4,0.44,23.0,9.1,False,3 (positive)
JP225,L5,X1,F0,0.14,0.33,-0.33,-0.14,0.13,0.31,0.27,0.44,57.7,23.0,False,3 (positive)
JP225,L5,X1,UP,-0.24,-0.01,-0.21,0.03,-0.04,0.2,-0.06,0.16,34.7,13.8,False,3 (positive)
JP225,L5,X3,DN,0.18,0.25,0.18,0.27,0.14,0.21,-0.0,0.06,13.0,15.5,True,3 (positive)
JP225,L5,X3,F0,0.06,0.33,-0.03,0.24,-0.0,0.25,-0.18,0.05,31.9,38.1,False,3 (positive)
JP225,L5,X3,UP,-0.2,0.11,-0.24,0.08,-0.14,0.17,-0.29,-0.02,20.2,24.1,False,3 (positive)
JP225,L5,XU,DN,0.43,0.47,-0.22,-0.17,0.22,0.27,0.42,0.46,13.0,9.1,False,3 (positive)
JP225,L5,XU,F0,0.21,0.4,-0.27,-0.08,0.19,0.37,0.31,0.48,32.7,23.0,False,3 (positive)
JP225,L5,XU,UP,-0.18,0.04,-0.24,-0.01,-0.01,0.22,-0.03,0.19,21.2,15.0,False,3 (positive)
JP225,R10,X1,DN,0.17,0.19,-0.08,-0.04,0.29,0.33,0.46,0.49,13.5,5.4,False,3 (positive)
JP225,R10,X1,F0,0.37,0.47,0.0,0.11,0.43,0.52,0.54,0.64,27.2,10.8,True,2 (robust)
JP225,R10,X1,UP,0.4,0.52,0.12,0.25,0.35,0.48,0.3,0.42,13.7,5.5,True,2 (robust)
JP225,R10,X3,DN,-0.07,-0.03,0.04,0.09,0.26,0.31,0.18,0.23,7.9,9.4,False,3 (positive)
JP225,R10,X3,F0,0.06,0.2,-0.06,0.09,0.35,0.49,0.15,0.27,16.0,19.1,False,2 (robust)
JP225,R10,X3,UP,0.03,0.21,-0.21,-0.03,0.27,0.46,-0.08,0.07,8.7,10.4,False,3 (positive)
JP225,R10,XU,DN,0.19,0.22,-0.06,-0.02,0.31,0.35,0.47,0.5,7.7,5.4,False,3 (positive)
JP225,R10,XU,F0,0.41,0.51,0.04,0.15,0.46,0.55,0.57,0.66,15.7,10.8,True,2 (robust)
JP225,R10,XU,UP,0.36,0.47,0.05,0.18,0.32,0.44,0.26,0.39,8.8,6.0,True,2 (robust)
JP225,R20,X1,DN,0.37,0.41,-0.25,-0.2,0.24,0.28,0.4,0.44,21.4,8.5,False,3 (positive)
JP225,R20,X1,F0,0.21,0.38,-0.2,-0.04,0.27,0.41,0.31,0.45,49.3,19.6,False,3 (positive)
JP225,R20,X1,UP,-0.1,0.11,-0.01,0.19,0.13,0.32,0.0,0.18,27.9,11.1,False,3 (positive)
JP225,R20,X3,DN,0.3,0.38,0.21,0.28,0.28,0.34,0.09,0.15,11.8,14.1,True,3 (positive)
JP225,R20,X3,F0,0.13,0.38,0.04,0.27,0.22,0.45,-0.0,0.19,27.3,32.6,True,3 (positive)
JP225,R20,X3,UP,-0.29,-0.01,-0.2,0.06,0.06,0.35,-0.13,0.11,16.5,19.7,False,reject
JP225,R20,XU,DN,0.4,0.44,-0.22,-0.17,0.26,0.31,0.42,0.46,11.8,8.5,False,3 (positive)
JP225,R20,XU,F0,0.27,0.44,-0.15,0.02,0.32,0.47,0.35,0.49,27.7,19.6,False,3 (positive)
JP225,R20,XU,UP,0.01,0.21,-0.05,0.13,0.17,0.36,0.02,0.2,17.3,12.1,False,3 (positive)
JP225,R5,X1,DN,0.23,0.26,-0.06,-0.02,0.18,0.21,0.23,0.25,8.1,3.2,False,3 (positive)
JP225,R5,X1,F0,0.52,0.57,0.04,0.11,0.45,0.5,0.52,0.56,13.7,5.4,True,2 (robust)
JP225,R5,X1,UP,0.55,0.6,0.18,0.24,0.66,0.71,0.72,0.77,5.5,2.2,True,2 (robust)
JP225,R5,X3,DN,0.1,0.13,0.11,0.15,0.07,0.11,0.01,0.04,4.7,5.7,True,3 (positive)
JP225,R5,X3,F0,0.28,0.36,0.13,0.22,0.17,0.26,0.1,0.17,8.5,10.1,True,3 (positive)
JP225,R5,X3,UP,0.18,0.26,0.06,0.16,0.18,0.26,0.19,0.27,3.9,4.7,True,3 (positive)
JP225,R5,XU,DN,0.25,0.28,-0.04,-0.0,0.19,0.22,0.24,0.26,4.2,3.2,False,3 (positive)
JP225,R5,XU,F0,0.54,0.59,0.07,0.13,0.47,0.52,0.53,0.58,8.0,5.4,True,2 (robust)
JP225,R5,XU,UP,0.45,0.49,0.18,0.24,0.56,0.62,0.7,0.75,4.0,2.4,True,3 (positive)
US100,D15,X1,DN,0.06,0.05,0.4,0.39,0.1,0.08,0.04,0.03,3.9,1.6,True,3 (positive)
US100,D15,X1,F0,0.24,0.37,0.37,0.51,0.14,0.3,0.25,0.4,18.0,7.4,True,2 (robust)
US100,D15,X1,UP,0.28,0.49,0.12,0.34,0.1,0.34,0.34,0.57,14.1,5.8,True,3 (positive)
US100,D15,X3,DN,-0.22,-0.26,0.31,0.27,0.15,0.12,0.01,-0.02,3.1,3.8,False,3 (positive)
US100,D15,X3,F0,0.01,0.23,0.31,0.58,0.23,0.5,-0.01,0.2,15.0,18.5,True,3 (positive)
US100,D15,X3,UP,0.24,0.6,0.18,0.56,0.19,0.58,-0.03,0.29,12.0,14.8,True,3 (positive)
US100,D15,XU,DN,0.37,0.33,0.5,0.46,0.39,0.35,0.28,0.26,3.5,2.5,True,2 (robust)
US100,D15,XU,F0,0.48,0.61,0.45,0.61,0.38,0.53,0.36,0.52,15.6,11.2,True,2 (robust)
US100,D15,XU,UP,0.31,0.55,0.16,0.42,0.13,0.39,0.21,0.45,12.4,8.9,True,2 (robust)
US100,I10,X1,DN,0.26,0.24,0.48,0.45,0.43,0.38,0.44,0.39,5.0,2.0,True,2 (robust)
US100,I10,X1,F0,0.53,0.67,0.73,0.88,0.57,0.75,0.51,0.66,22.4,9.2,True,2 (robust)
US100,I10,X1,UP,0.52,0.77,0.55,0.81,0.38,0.66,0.29,0.54,17.5,7.2,True,2 (robust)
US100,I10,X3,DN,0.31,0.28,0.45,0.4,0.61,0.54,0.54,0.48,4.2,5.2,True,2 (robust)
US100,I10,X3,F0,0.6,0.88,0.73,1.03,0.7,1.01,0.37,0.62,18.8,23.2,True,2 (robust)
US100,I10,X3,UP,0.51,0.94,0.59,1.04,0.37,0.84,0.01,0.38,14.8,18.2,True,2 (robust)
US100,I10,XU,DN,0.4,0.35,0.55,0.5,0.71,0.64,0.67,0.61,4.4,3.2,True,2 (robust)
US100,I10,XU,F0,0.8,0.96,0.85,1.04,0.89,1.06,0.83,1.0,19.7,13.5,True,1 (Romano-Wolf significant)
US100,I10,XU,UP,0.77,1.07,0.64,0.95,0.5,0.82,0.46,0.74,15.4,10.4,True,2 (robust)
US100,I25,X1,DN,0.47,0.42,0.66,0.59,0.64,0.57,0.72,0.66,11.8,4.9,True,2 (robust)
US100,I25,X1,F0,0.82,1.05,0.63,0.9,0.69,0.98,0.66,0.91,53.5,22.0,True,2 (robust)
US100,I25,X1,UP,0.71,1.12,0.22,0.68,0.33,0.82,0.2,0.63,41.6,17.1,True,3 (positive)
US100,I25,X3,DN,0.3,0.23,0.61,0.53,0.63,0.56,0.58,0.52,8.2,10.1,True,3 (positive)
US100,I25,X3,F0,0.45,0.86,0.34,0.8,0.45,0.92,0.17,0.52,37.2,45.8,True,3 (positive)
US100,I25,X3,UP,0.29,0.95,-0.07,0.62,-0.01,0.71,-0.37,0.19,29.4,36.2,False,reject
US100,I25,XU,DN,0.6,0.53,0.59,0.51,0.65,0.56,0.78,0.72,8.5,6.2,True,2 (robust)
US100,I25,XU,F0,0.82,1.08,0.64,0.94,0.67,0.99,0.75,1.01,40.8,29.0,True,2 (robust)
US100,I25,XU,UP,0.47,0.91,0.23,0.71,0.38,0.86,0.23,0.68,32.9,23.1,True,3 (positive)
US100,K2,X1,DN,0.43,0.36,0.46,0.39,0.45,0.37,0.62,0.56,10.7,4.4,True,2 (robust)
US100,K2,X1,F0,0.3,0.51,0.41,0.64,0.44,0.67,0.7,0.91,46.0,18.9,True,2 (robust)
US100,K2,X1,UP,-0.0,0.37,0.13,0.51,0.19,0.57,0.37,0.72,35.3,14.5,False,3 (positive)
US100,K2,X3,DN,0.21,0.15,0.5,0.43,0.48,0.41,0.64,0.57,6.5,8.0,True,3 (positive)
US100,K2,X3,F0,0.16,0.5,0.24,0.61,0.27,0.64,0.44,0.72,29.2,36.1,True,3 (positive)
US100,K2,X3,UP,-0.21,0.32,-0.15,0.44,-0.16,0.41,-0.09,0.34,22.9,28.3,False,reject
US100,K2,XU,DN,0.44,0.37,0.47,0.4,0.55,0.48,0.7,0.64,6.2,4.5,True,2 (robust)
US100,K2,XU,F0,0.33,0.54,0.44,0.66,0.55,0.77,0.79,0.98,27.3,19.2,True,2 (robust)
US100,K2,XU,UP,-0.04,0.31,0.05,0.42,0.13,0.49,0.24,0.56,21.4,15.1,False,3 (positive)
US100,K3,X1,DN,0.4,0.33,0.38,0.33,0.27,0.21,0.27,0.23,5.1,2.1,True,2 (robust)
US100,K3,X1,F0,0.31,0.41,0.22,0.32,0.35,0.47,0.38,0.48,19.2,7.9,True,2 (robust)
US100,K3,X1,UP,0.03,0.24,-0.08,0.12,0.23,0.46,0.27,0.46,14.1,5.8,False,3 (positive)
US100,K3,X3,DN,0.16,0.07,0.49,0.41,0.46,0.39,0.44,0.38,3.3,4.1,True,3 (positive)
US100,K3,X3,F0,0.15,0.3,0.16,0.31,0.44,0.6,0.28,0.39,12.3,15.2,True,3 (positive)
US100,K3,X3,UP,-0.05,0.24,-0.28,-0.01,0.04,0.32,-0.15,0.06,9.2,11.3,False,reject
US100,K3,XU,DN,0.41,0.34,0.39,0.34,0.43,0.38,0.4,0.36,3.2,2.2,True,2 (robust)
US100,K3,XU,F0,0.33,0.43,0.24,0.34,0.5,0.61,0.49,0.58,11.7,8.3,True,2 (robust)
US100,K3,XU,UP,-0.04,0.17,-0.13,0.06,0.14,0.34,0.11,0.28,8.8,6.4,False,3 (positive)
US100,K4,X1,DN,0.08,0.02,0.05,0.03,0.01,-0.02,0.07,0.05,2.1,0.9,True,3 (positive)
US100,K4,X1,F0,-0.03,0.01,0.03,0.09,0.0,0.07,0.21,0.25,7.7,3.1,False,3 (positive)
US100,K4,X1,UP,-0.12,-0.0,-0.02,0.12,-0.01,0.14,0.27,0.4,5.5,2.3,False,reject
US100,K4,X3,DN,0.07,-0.01,0.03,-0.02,0.02,-0.04,0.12,0.08,1.3,1.6,True,3 (positive)
US100,K4,X3,F0,-0.18,-0.12,-0.31,-0.24,-0.33,-0.25,0.01,0.06,4.8,5.9,False,reject
US100,K4,X3,UP,-0.34,-0.19,-0.41,-0.25,-0.53,-0.35,-0.26,-0.13,3.6,4.4,False,reject
US100,K4,XU,DN,0.08,0.03,0.05,0.03,0.05,0.02,0.08,0.05,1.3,0.9,True,3 (positive)
US100,K4,XU,F0,-0.02,0.03,0.04,0.1,0.05,0.12,0.22,0.27,4.7,3.3,False,3 (positive)
US100,K4,XU,UP,-0.19,-0.08,-0.08,0.06,-0.08,0.06,0.08,0.21,3.6,2.6,False,reject
US100,K5,X1,DN,0.08,0.06,0.07,0.07,0.28,0.28,0.23,0.23,1.0,0.4,True,3 (positive)
US100,K5,X1,F0,0.07,0.1,0.22,0.26,0.44,0.48,0.59,0.62,3.1,1.3,True,2 (robust)
US100,K5,X1,UP,0.02,0.08,0.41,0.51,0.34,0.41,0.68,0.73,2.1,0.8,True,3 (positive)
US100,K5,X3,DN,0.13,0.08,0.16,0.15,0.1,0.09,0.31,0.29,0.6,0.8,True,3 (positive)
US100,K5,X3,F0,0.07,0.1,0.25,0.32,0.17,0.24,0.51,0.55,2.2,2.7,True,3 (positive)
US100,K5,X3,UP,-0.02,0.06,0.36,0.52,0.14,0.25,0.43,0.51,1.6,1.9,False,3 (positive)
US100,K5,XU,DN,0.09,0.06,0.07,0.07,0.32,0.31,0.24,0.23,0.6,0.5,True,3 (positive)
US100,K5,XU,F0,0.07,0.1,0.22,0.26,0.49,0.53,0.59,0.62,2.2,1.4,True,2 (robust)
US100,K5,XU,UP,0.02,0.08,0.41,0.51,0.38,0.45,0.68,0.74,1.6,0.9,True,3 (positive)
US100,L10,X1,DN,0.47,0.41,0.49,0.43,0.37,0.3,0.53,0.48,9.6,3.9,True,2 (robust)
US100,L10,X1,F0,0.61,0.73,0.68,0.8,0.57,0.71,0.62,0.73,32.5,13.3,True,2 (robust)
US100,L10,X1,UP,0.4,0.66,0.47,0.74,0.45,0.73,0.32,0.58,22.9,9.4,True,2 (robust)
US100,L10,X3,DN,0.24,0.18,0.52,0.45,0.41,0.33,0.44,0.36,5.2,6.4,True,2 (robust)
US100,L10,X3,F0,0.45,0.63,0.5,0.69,0.54,0.75,0.37,0.52,18.5,22.8,True,2 (robust)
US100,L10,X3,UP,0.16,0.5,0.11,0.45,0.2,0.56,-0.04,0.25,13.7,16.9,True,3 (positive)
US100,L10,XU,DN,0.47,0.42,0.5,0.44,0.37,0.31,0.54,0.48,5.2,3.9,True,2 (robust)
US100,L10,XU,F0,0.63,0.75,0.7,0.82,0.59,0.73,0.63,0.75,18.4,13.3,True,2 (robust)
US100,L10,XU,UP,0.26,0.51,0.35,0.6,0.37,0.62,0.19,0.41,13.7,9.9,True,2 (robust)
US100,L5,X1,DN,0.67,0.61,0.66,0.59,0.54,0.47,0.75,0.69,12.9,5.3,True,2 (robust)
US100,L5,X1,F0,0.69,0.9,0.63,0.85,0.66,0.89,0.88,1.09,51.8,21.3,True,2 (robust)
US100,L5,X1,UP,0.27,0.66,0.22,0.62,0.39,0.79,0.48,0.85,38.9,16.0,True,2 (robust)
US100,L5,X3,DN,0.41,0.35,0.7,0.63,0.55,0.48,0.68,0.61,7.0,8.7,True,2 (robust)
US100,L5,X3,F0,0.44,0.76,0.51,0.83,0.44,0.79,0.5,0.76,29.1,35.9,True,2 (robust)
US100,L5,X3,UP,-0.02,0.51,0.01,0.53,0.04,0.57,-0.07,0.36,22.5,27.8,False,3 (positive)
US100,L5,XU,DN,0.68,0.62,0.67,0.6,0.55,0.48,0.75,0.7,7.3,5.3,True,2 (robust)
US100,L5,XU,F0,0.71,0.92,0.66,0.88,0.69,0.92,0.9,1.1,29.8,21.3,True,2 (robust)
US100,L5,XU,UP,0.23,0.61,0.15,0.53,0.33,0.71,0.36,0.71,22.8,16.4,True,2 (robust)
US100,R10,X1,DN,0.64,0.59,0.03,-0.0,0.32,0.28,0.46,0.42,6.1,2.5,True,2 (robust)
US100,R10,X1,F0,0.56,0.67,0.12,0.24,0.48,0.6,0.52,0.62,23.3,9.6,True,2 (robust)
US100,R10,X1,UP,0.14,0.35,0.15,0.39,0.36,0.61,0.25,0.49,17.2,7.1,True,2 (robust)
US100,R10,X3,DN,0.21,0.18,0.15,0.11,0.22,0.18,0.29,0.24,3.2,4.0,True,3 (positive)
US100,R10,X3,F0,0.16,0.33,0.05,0.25,0.25,0.46,0.07,0.21,13.3,16.5,True,3 (positive)
US100,R10,X3,UP,-0.12,0.2,-0.06,0.27,0.12,0.45,-0.33,-0.06,10.4,12.9,False,3 (positive)
US100,R10,XU,DN,0.64,0.6,0.04,0.0,0.33,0.29,0.46,0.42,3.5,2.5,True,2 (robust)
US100,R10,XU,F0,0.58,0.69,0.13,0.25,0.5,0.62,0.53,0.63,13.4,9.6,True,2 (robust)
US100,R10,XU,UP,0.09,0.29,0.11,0.34,0.3,0.52,0.14,0.37,10.3,7.4,True,2 (robust)
US100,R20,X1,DN,0.57,0.51,0.41,0.35,0.52,0.45,0.78,0.72,11.5,4.7,True,2 (robust)
US100,R20,X1,F0,0.73,0.92,0.43,0.63,0.71,0.92,0.89,1.07,45.2,18.6,True,2 (robust)
US100,R20,X1,UP,0.46,0.82,0.2,0.55,0.49,0.85,0.47,0.8,33.7,13.9,True,2 (robust)
US100,R20,X3,DN,0.33,0.27,0.48,0.4,0.4,0.33,0.55,0.47,6.2,7.7,True,2 (robust)
US100,R20,X3,F0,0.47,0.74,0.33,0.62,0.47,0.77,0.34,0.57,25.5,31.5,True,2 (robust)
US100,R20,X3,UP,0.2,0.67,-0.02,0.44,0.17,0.64,-0.17,0.22,19.7,24.3,False,3 (positive)
US100,R20,XU,DN,0.58,0.52,0.42,0.36,0.53,0.46,0.78,0.72,6.9,4.7,True,2 (robust)
US100,R20,XU,F0,0.76,0.94,0.46,0.65,0.75,0.96,0.91,1.08,26.8,18.6,True,1 (Romano-Wolf significant)
US100,R20,XU,UP,0.35,0.69,0.16,0.49,0.46,0.79,0.34,0.65,20.5,14.4,True,2 (robust)
US100,R5,X1,DN,0.09,0.04,0.45,0.42,0.42,0.4,0.57,0.55,3.4,1.4,True,2 (robust)
US100,R5,X1,F0,0.13,0.18,0.67,0.73,0.62,0.69,0.65,0.71,11.5,4.7,True,2 (robust)
US100,R5,X1,UP,0.09,0.21,0.53,0.65,0.47,0.61,0.32,0.45,8.1,3.3,True,2 (robust)
US100,R5,X3,DN,0.04,-0.02,0.48,0.44,0.29,0.26,0.42,0.39,1.9,2.3,True,2 (robust)
US100,R5,X3,F0,0.02,0.11,0.41,0.5,0.2,0.32,0.26,0.34,7.1,8.8,True,2 (robust)
US100,R5,X3,UP,-0.07,0.09,0.21,0.38,0.07,0.26,-0.12,0.03,5.4,6.6,False,3 (positive)
US100,R5,XU,DN,0.09,0.05,0.45,0.43,0.43,0.41,0.57,0.56,1.9,1.4,True,2 (robust)
US100,R5,XU,F0,0.14,0.19,0.68,0.74,0.62,0.68,0.64,0.7,6.9,4.7,True,2 (robust)
US100,R5,XU,UP,0.08,0.19,0.52,0.65,0.45,0.57,0.3,0.43,5.1,3.5,True,2 (robust)
US500,D15,X1,DN,0.11,0.1,-0.12,-0.12,-0.25,-0.26,-0.26,-0.26,4.3,1.8,False,reject
US500,D15,X1,F0,0.19,0.28,-0.09,0.02,-0.11,0.01,-0.01,0.1,17.5,7.2,False,3 (positive)
US500,D15,X1,UP,0.17,0.34,0.01,0.2,0.12,0.31,0.35,0.54,13.2,5.4,True,3 (positive)
US500,D15,X3,DN,-0.1,-0.12,-0.2,-0.21,-0.29,-0.3,-0.28,-0.3,3.5,4.3,False,reject
US500,D15,X3,F0,-0.09,0.06,-0.08,0.1,-0.17,0.03,-0.22,-0.07,14.1,17.4,False,3 (positive)
US500,D15,X3,UP,-0.04,0.23,0.16,0.45,0.17,0.47,0.01,0.25,10.9,13.5,False,3 (positive)
US500,D15,XU,DN,0.26,0.23,0.07,0.05,0.03,0.02,-0.1,-0.11,3.6,2.8,True,3 (positive)
US500,D15,XU,F0,0.16,0.27,-0.03,0.08,-0.02,0.1,-0.08,0.03,14.5,10.7,False,3 (positive)
US500,D15,XU,UP,-0.03,0.16,-0.03,0.17,0.08,0.28,-0.03,0.16,11.4,8.2,False,3 (positive)
US500,I10,X1,DN,0.17,0.16,0.47,0.46,-0.02,-0.04,-0.04,-0.06,5.4,2.2,False,3 (positive)
US500,I10,X1,F0,0.36,0.47,0.34,0.46,0.35,0.5,0.31,0.44,21.8,9.0,True,3 (positive)
US500,I10,X1,UP,0.4,0.6,-0.06,0.15,0.55,0.77,0.53,0.75,16.3,6.7,False,3 (positive)
US500,I10,X3,DN,0.37,0.37,0.61,0.59,0.19,0.16,0.0,-0.03,4.6,5.7,True,3 (positive)
US500,I10,X3,F0,0.37,0.57,0.56,0.79,0.41,0.65,0.44,0.64,18.2,22.5,True,2 (robust)
US500,I10,X3,UP,0.1,0.43,0.22,0.61,0.38,0.77,0.58,0.89,13.9,17.2,True,2 (robust)
US500,I10,XU,DN,0.46,0.44,0.42,0.4,0.38,0.34,0.11,0.08,4.7,3.6,True,2 (robust)
US500,I10,XU,F0,0.61,0.72,0.41,0.54,0.67,0.79,0.5,0.63,19.2,12.9,True,2 (robust)
US500,I10,XU,UP,0.44,0.65,0.2,0.46,0.64,0.87,0.56,0.78,14.7,9.4,True,2 (robust)
US500,I25,X1,DN,0.49,0.48,0.52,0.49,0.37,0.35,0.41,0.39,11.6,4.8,True,3 (positive)
US500,I25,X1,F0,0.54,0.72,0.18,0.4,0.19,0.42,0.21,0.42,52.4,21.6,True,3 (positive)
US500,I25,X1,UP,0.23,0.57,-0.35,0.02,-0.16,0.24,-0.19,0.18,40.8,16.8,False,reject
US500,I25,X3,DN,0.39,0.37,0.55,0.52,0.43,0.4,0.36,0.33,8.4,10.4,True,3 (positive)
US500,I25,X3,F0,0.26,0.57,0.23,0.57,0.08,0.44,0.06,0.37,36.2,44.7,True,3 (positive)
US500,I25,X3,UP,-0.09,0.43,-0.14,0.42,-0.32,0.27,-0.34,0.16,28.6,35.3,False,reject
US500,I25,XU,DN,0.53,0.51,0.46,0.42,0.41,0.37,0.52,0.49,8.8,6.5,True,2 (robust)
US500,I25,XU,F0,0.57,0.78,0.32,0.56,0.35,0.59,0.39,0.61,39.6,28.4,True,2 (robust)
US500,I25,XU,UP,0.15,0.51,0.02,0.43,0.14,0.55,-0.05,0.34,31.6,22.4,True,3 (positive)
US500,K2,X1,DN,0.48,0.45,0.22,0.19,0.44,0.41,0.54,0.51,12.1,5.0,True,2 (robust)
US500,K2,X1,F0,0.32,0.49,0.16,0.32,0.3,0.46,0.46,0.61,46.6,19.2,True,2 (robust)
US500,K2,X1,UP,-0.08,0.22,-0.03,0.3,-0.08,0.23,0.04,0.34,34.5,14.2,False,3 (positive)
US500,K2,X3,DN,0.51,0.49,0.55,0.52,0.47,0.44,0.47,0.43,7.4,9.2,True,3 (positive)
US500,K2,X3,F0,0.08,0.35,0.24,0.51,0.1,0.38,0.18,0.41,30.1,37.3,True,3 (positive)
US500,K2,X3,UP,-0.42,0.03,-0.25,0.2,-0.39,0.06,-0.32,0.07,23.4,29.0,False,reject
US500,K2,XU,DN,0.49,0.46,0.22,0.19,0.45,0.42,0.55,0.51,6.9,5.0,True,2 (robust)
US500,K2,XU,F0,0.36,0.53,0.19,0.35,0.32,0.48,0.46,0.61,28.5,19.5,True,2 (robust)
US500,K2,XU,UP,0.02,0.31,-0.04,0.24,-0.09,0.2,-0.02,0.27,22.3,15.1,False,3 (positive)
US500,K3,X1,DN,0.53,0.49,0.08,0.05,0.38,0.35,0.33,0.3,6.2,2.6,True,2 (robust)
US500,K3,X1,F0,0.49,0.56,0.13,0.19,0.52,0.59,0.4,0.45,19.2,7.9,True,2 (robust)
US500,K3,X1,UP,0.11,0.27,0.12,0.29,0.38,0.57,0.22,0.39,13.0,5.3,True,2 (robust)
US500,K3,X3,DN,0.31,0.28,0.13,0.09,0.22,0.18,0.05,0.0,3.9,4.9,True,3 (positive)
US500,K3,X3,F0,0.19,0.3,0.13,0.25,0.28,0.41,0.07,0.15,12.3,15.2,True,3 (positive)
US500,K3,X3,UP,-0.09,0.15,0.11,0.38,0.24,0.52,0.05,0.26,8.7,10.7,False,3 (positive)
US500,K3,XU,DN,0.54,0.51,0.09,0.06,0.39,0.35,0.34,0.3,3.8,2.6,True,2 (robust)
US500,K3,XU,F0,0.51,0.58,0.15,0.22,0.54,0.61,0.41,0.46,11.8,7.9,True,2 (robust)
US500,K3,XU,UP,0.15,0.32,0.34,0.51,0.52,0.69,0.15,0.32,8.5,5.6,True,2 (robust)
US500,K4,X1,DN,0.38,0.36,0.52,0.49,0.41,0.39,0.39,0.37,2.9,1.2,True,2 (robust)
US500,K4,X1,F0,0.26,0.29,0.39,0.42,0.41,0.44,0.35,0.37,7.8,3.2,True,2 (robust)
US500,K4,X1,UP,-0.11,-0.03,-0.1,-0.01,0.09,0.19,-0.02,0.06,4.9,2.0,False,2 (robust)
US500,K4,X3,DN,0.46,0.43,0.52,0.48,0.18,0.15,0.31,0.27,1.8,2.2,True,3 (positive)
US500,K4,X3,F0,0.19,0.24,0.25,0.3,0.16,0.2,0.22,0.23,4.9,6.1,True,2 (robust)
US500,K4,X3,UP,-0.31,-0.17,-0.21,-0.08,-0.1,0.05,-0.21,-0.11,3.2,3.9,False,3 (positive)
US500,K4,XU,DN,0.39,0.37,0.52,0.5,0.41,0.4,0.39,0.37,1.8,1.2,True,2 (robust)
US500,K4,XU,F0,0.27,0.3,0.4,0.43,0.42,0.45,0.36,0.37,4.7,3.2,True,2 (robust)
US500,K4,XU,UP,-0.12,-0.04,0.13,0.22,0.26,0.34,-0.12,-0.04,3.2,2.1,False,2 (robust)
US500,K5,X1,DN,0.45,0.44,0.19,0.19,0.69,0.68,0.54,0.53,1.4,0.6,True,2 (robust)
US500,K5,X1,F0,0.15,0.17,0.13,0.15,0.6,0.62,0.49,0.5,3.3,1.4,True,2 (robust)
US500,K5,X1,UP,-0.27,-0.24,-0.05,-0.01,0.05,0.09,0.05,0.08,1.9,0.8,False,3 (positive)
US500,K5,X3,DN,0.4,0.38,0.13,0.12,0.17,0.17,0.34,0.32,1.1,1.4,True,3 (positive)
US500,K5,X3,F0,0.14,0.16,0.17,0.19,0.29,0.31,0.35,0.34,2.4,2.9,True,2 (robust)
US500,K5,X3,UP,-0.12,-0.07,0.29,0.35,0.29,0.35,-0.01,0.02,1.4,1.8,False,3 (positive)
US500,K5,XU,DN,0.45,0.44,0.19,0.19,0.69,0.68,0.54,0.53,1.1,0.6,True,2 (robust)
US500,K5,XU,F0,0.16,0.17,0.14,0.15,0.61,0.63,0.5,0.5,2.3,1.4,True,2 (robust)
US500,K5,XU,UP,-0.25,-0.22,0.21,0.25,0.2,0.24,-0.07,-0.05,1.3,0.9,False,3 (positive)
US500,L10,X1,DN,0.25,0.23,0.16,0.13,0.21,0.18,0.26,0.23,10.1,4.2,True,2 (robust)
US500,L10,X1,F0,0.31,0.39,0.16,0.25,0.27,0.37,0.29,0.37,30.8,12.7,True,2 (robust)
US500,L10,X1,UP,0.17,0.36,0.05,0.26,0.16,0.38,0.13,0.32,20.7,8.5,True,2 (robust)
US500,L10,X3,DN,0.24,0.22,0.39,0.36,0.32,0.29,0.16,0.13,5.7,7.0,True,3 (positive)
US500,L10,X3,F0,0.32,0.46,0.27,0.41,0.36,0.52,0.11,0.22,17.8,22.0,True,2 (robust)
US500,L10,X3,UP,0.34,0.61,0.09,0.39,0.31,0.61,-0.07,0.18,12.7,15.7,True,2 (robust)
US500,L10,XU,DN,0.26,0.24,0.17,0.14,0.22,0.19,0.26,0.24,5.6,4.2,True,2 (robust)
US500,L10,XU,F0,0.33,0.41,0.18,0.27,0.3,0.4,0.31,0.4,18.4,12.7,True,2 (robust)
US500,L10,XU,UP,0.27,0.46,0.19,0.4,0.32,0.52,0.08,0.27,13.5,9.0,True,2 (robust)
US500,L5,X1,DN,0.37,0.34,0.26,0.23,0.34,0.31,0.48,0.45,13.1,5.4,True,2 (robust)
US500,L5,X1,F0,0.33,0.49,0.01,0.17,0.26,0.43,0.42,0.57,49.3,20.3,True,2 (robust)
US500,L5,X1,UP,0.06,0.37,-0.34,-0.02,-0.02,0.31,0.05,0.35,36.2,14.9,False,3 (positive)
US500,L5,X3,DN,0.4,0.38,0.58,0.56,0.48,0.46,0.5,0.47,7.5,9.3,True,2 (robust)
US500,L5,X3,F0,0.3,0.54,0.19,0.44,0.34,0.6,0.24,0.45,28.3,35.0,True,2 (robust)
US500,L5,X3,UP,0.12,0.54,-0.21,0.2,0.03,0.47,-0.25,0.13,21.6,26.7,False,3 (positive)
US500,L5,XU,DN,0.38,0.36,0.27,0.24,0.35,0.32,0.48,0.45,7.3,5.4,True,2 (robust)
US500,L5,XU,F0,0.37,0.52,0.04,0.2,0.3,0.47,0.45,0.6,29.1,20.4,True,2 (robust)
US500,L5,XU,UP,0.22,0.52,-0.21,0.08,0.11,0.43,0.06,0.36,22.5,15.4,False,3 (positive)
US500,R10,X1,DN,0.65,0.63,0.31,0.29,0.3,0.28,0.36,0.34,7.5,3.1,True,2 (robust)
US500,R10,X1,F0,0.67,0.74,0.23,0.3,0.44,0.51,0.46,0.52,21.7,9.0,True,2 (robust)
US500,R10,X1,UP,0.23,0.39,-0.06,0.11,0.34,0.51,0.31,0.46,14.2,5.9,False,2 (robust)
US500,R10,X3,DN,0.37,0.36,0.47,0.45,0.42,0.41,0.39,0.37,4.3,5.3,True,2 (robust)
US500,R10,X3,F0,0.35,0.47,0.26,0.39,0.32,0.47,0.28,0.37,13.7,17.0,True,2 (robust)
US500,R10,X3,UP,0.15,0.39,-0.09,0.16,0.05,0.32,-0.06,0.14,9.7,12.0,False,3 (positive)
US500,R10,XU,DN,0.66,0.64,0.32,0.3,0.3,0.29,0.36,0.34,4.2,3.1,True,2 (robust)
US500,R10,XU,F0,0.69,0.75,0.25,0.32,0.45,0.52,0.47,0.53,13.5,9.0,True,2 (robust)
US500,R10,XU,UP,0.3,0.46,0.04,0.2,0.47,0.63,0.28,0.43,9.7,6.1,True,2 (robust)
US500,R20,X1,DN,0.6,0.58,0.3,0.27,0.37,0.34,0.41,0.38,12.8,5.3,True,2 (robust)
US500,R20,X1,F0,0.72,0.87,0.16,0.31,0.28,0.44,0.36,0.49,45.1,18.6,True,2 (robust)
US500,R20,X1,UP,0.41,0.68,-0.14,0.16,-0.02,0.28,0.03,0.31,32.3,13.3,False,3 (positive)
US500,R20,X3,DN,0.48,0.46,0.66,0.63,0.63,0.61,0.45,0.41,6.9,8.6,True,3 (positive)
US500,R20,X3,F0,0.49,0.72,0.26,0.49,0.4,0.64,0.21,0.39,25.4,31.5,True,3 (positive)
US500,R20,X3,UP,0.31,0.7,-0.22,0.16,-0.02,0.4,-0.25,0.1,19.0,23.5,False,reject
US500,R20,XU,DN,0.61,0.59,0.31,0.28,0.38,0.35,0.42,0.39,6.9,5.3,True,2 (robust)
US500,R20,XU,F0,0.75,0.89,0.19,0.34,0.31,0.47,0.38,0.51,26.4,18.6,True,2 (robust)
US500,R20,XU,UP,0.52,0.78,-0.05,0.22,0.09,0.39,0.01,0.29,20.1,13.7,False,3 (positive)
US500,R5,X1,DN,0.23,0.22,0.24,0.23,0.29,0.29,0.23,0.22,3.3,1.4,True,3 (positive)
US500,R5,X1,F0,0.14,0.18,0.26,0.31,0.37,0.42,0.31,0.35,10.5,4.3,True,2 (robust)
US500,R5,X1,UP,-0.05,0.03,0.12,0.21,0.23,0.34,0.22,0.31,7.2,3.0,False,3 (positive)
US500,R5,X3,DN,0.31,0.3,0.33,0.32,0.34,0.34,0.16,0.15,2.1,2.5,True,2 (robust)
US500,R5,X3,F0,0.18,0.26,0.25,0.34,0.31,0.41,0.17,0.23,6.9,8.6,True,2 (robust)
US500,R5,X3,UP,0.02,0.16,0.03,0.19,0.17,0.35,0.09,0.22,5.1,6.4,True,3 (positive)
US500,R5,XU,DN,0.24,0.22,0.24,0.24,0.29,0.29,0.23,0.23,2.0,1.4,True,3 (positive)
US500,R5,XU,F0,0.15,0.19,0.27,0.32,0.38,0.43,0.31,0.35,6.6,4.3,True,2 (robust)
US500,R5,XU,UP,0.05,0.13,0.28,0.36,0.38,0.48,0.18,0.27,5.0,3.2,True,2 (robust)
XAUUSD,D15,X1,DN,-0.16,-0.18,0.04,0.02,0.07,0.04,-0.02,-0.05,6.5,2.6,False,
XAUUSD,D15,X1,F0,-0.43,-0.3,0.15,0.26,0.04,0.2,0.01,0.17,15.5,6.3,False,
XAUUSD,D15,X1,UP,-0.43,-0.24,0.14,0.28,-0.0,0.24,0.03,0.25,9.0,3.7,False,
XAUUSD,D15,X3,DN,-0.12,-0.15,-0.08,-0.13,-0.06,-0.1,0.21,0.17,5.8,7.1,False,
XAUUSD,D15,X3,F0,-0.3,-0.11,-0.15,0.05,-0.03,0.18,-0.1,0.09,14.1,17.2,False,
XAUUSD,D15,X3,UP,-0.29,-0.02,-0.12,0.12,0.0,0.28,-0.25,-0.0,8.2,10.1,False,
XAUUSD,D15,XU,DN,-0.28,-0.3,-0.31,-0.34,-0.03,-0.05,0.05,0.02,5.7,4.3,False,
XAUUSD,D15,XU,F0,-0.31,-0.17,-0.1,0.04,-0.0,0.15,-0.02,0.13,14.0,10.2,False,
XAUUSD,D15,XU,UP,-0.22,-0.03,0.06,0.24,0.02,0.23,-0.06,0.15,8.4,5.9,False,
XAUUSD,I10,X1,DN,0.47,0.46,-0.19,-0.2,-0.33,-0.34,-0.39,-0.4,7.9,3.2,False,
XAUUSD,I10,X1,F0,0.25,0.37,-0.27,-0.13,-0.2,-0.01,-0.33,-0.19,20.0,8.2,False,
XAUUSD,I10,X1,UP,-0.05,0.1,-0.19,-0.0,-0.0,0.23,-0.13,0.05,12.1,4.9,False,
XAUUSD,I10,X3,DN,0.61,0.6,-0.09,-0.1,-0.26,-0.28,-0.24,-0.25,6.3,7.7,False,
XAUUSD,I10,X3,F0,0.23,0.46,-0.23,-0.01,-0.2,0.05,-0.27,-0.09,16.3,20.0,False,
XAUUSD,I10,X3,UP,-0.3,-0.01,-0.21,0.07,-0.08,0.24,-0.17,0.07,10.2,12.5,False,
XAUUSD,I10,XU,DN,0.63,0.63,-0.07,-0.06,-0.19,-0.2,-0.13,-0.15,6.5,5.3,False,
XAUUSD,I10,XU,F0,0.42,0.55,-0.15,0.0,0.0,0.19,-0.19,-0.05,17.1,12.5,False,
XAUUSD,I10,XU,UP,0.03,0.2,-0.14,0.05,0.15,0.4,-0.13,0.06,10.7,7.2,False,
XAUUSD,I25,X1,DN,0.22,0.2,0.21,0.18,0.2,0.17,0.04,0.01,23.7,9.7,True,
XAUUSD,I25,X1,F0,-0.06,0.16,-0.1,0.16,0.01,0.25,-0.09,0.12,56.5,23.1,False,
XAUUSD,I25,X1,UP,-0.25,0.05,-0.29,0.07,-0.14,0.19,-0.14,0.14,32.9,13.4,False,
XAUUSD,I25,X3,DN,0.62,0.59,-0.01,-0.06,0.06,0.03,-0.13,-0.17,15.6,19.2,False,
XAUUSD,I25,X3,F0,0.43,0.77,-0.29,0.09,-0.11,0.26,-0.24,0.06,38.6,47.3,False,
XAUUSD,I25,X3,UP,0.06,0.52,-0.41,0.09,-0.21,0.26,-0.25,0.15,23.8,29.1,False,
XAUUSD,I25,XU,DN,0.36,0.33,0.1,0.06,0.25,0.22,0.16,0.12,17.5,13.8,True,
XAUUSD,I25,XU,F0,0.15,0.4,-0.17,0.11,0.1,0.37,0.1,0.32,42.9,32.1,False,
XAUUSD,I25,XU,UP,-0.1,0.24,-0.31,0.07,-0.08,0.3,-0.05,0.27,26.3,18.9,False,
XAUUSD,K2,X1,DN,0.22,0.19,-0.05,-0.09,0.41,0.37,0.26,0.23,23.1,9.4,False,
XAUUSD,K2,X1,F0,0.0,0.19,-0.35,-0.15,0.19,0.4,0.17,0.35,51.3,21.0,False,
XAUUSD,K2,X1,UP,-0.17,0.09,-0.39,-0.12,-0.08,0.21,0.01,0.27,28.3,11.6,False,
XAUUSD,K2,X3,DN,0.58,0.54,0.06,0.01,0.26,0.2,0.41,0.37,14.7,18.0,True,
XAUUSD,K2,X3,F0,0.28,0.56,-0.13,0.17,0.0,0.31,-0.01,0.23,32.1,39.4,False,
XAUUSD,K2,X3,UP,-0.12,0.27,-0.22,0.18,-0.25,0.18,-0.34,-0.01,18.0,22.1,False,
XAUUSD,K2,XU,DN,0.28,0.24,0.01,-0.03,0.42,0.39,0.26,0.23,13.7,9.6,True,
XAUUSD,K2,XU,F0,0.08,0.26,-0.27,-0.07,0.25,0.46,0.22,0.4,29.7,21.3,False,
XAUUSD,K2,XU,UP,-0.11,0.15,-0.28,-0.01,-0.03,0.26,0.03,0.29,16.7,12.2,False,
XAUUSD,K3,X1,DN,-0.25,-0.27,-0.1,-0.12,-0.03,-0.05,-0.11,-0.13,10.7,4.4,False,
XAUUSD,K3,X1,F0,-0.25,-0.14,-0.32,-0.21,-0.1,0.03,-0.05,0.06,22.7,9.3,False,
XAUUSD,K3,X1,UP,-0.12,0.04,-0.33,-0.17,-0.11,0.08,0.03,0.2,12.0,4.9,False,
XAUUSD,K3,X3,DN,-0.6,-0.62,-0.08,-0.1,-0.03,-0.05,-0.03,-0.04,6.7,8.2,False,
XAUUSD,K3,X3,F0,-0.66,-0.5,-0.34,-0.17,-0.15,0.03,-0.33,-0.18,13.7,16.8,False,
XAUUSD,K3,X3,UP,-0.37,-0.15,-0.33,-0.1,-0.15,0.09,-0.38,-0.18,7.2,8.8,False,
XAUUSD,K3,XU,DN,-0.2,-0.22,-0.06,-0.08,0.0,-0.01,-0.08,-0.09,6.3,4.5,False,
XAUUSD,K3,XU,F0,-0.19,-0.09,-0.27,-0.16,-0.05,0.08,-0.0,0.11,12.9,9.5,False,
XAUUSD,K3,XU,UP,-0.1,0.05,-0.23,-0.07,-0.03,0.15,0.09,0.26,6.9,5.1,False,
XAUUSD,K4,X1,DN,-0.54,-0.56,-0.06,-0.07,-0.08,-0.09,-0.1,-0.11,5.1,2.1,False,
XAUUSD,K4,X1,F0,-0.45,-0.4,-0.03,0.04,0.1,0.18,0.17,0.24,10.5,4.3,False,
XAUUSD,K4,X1,UP,-0.17,-0.1,0.01,0.12,0.2,0.32,0.31,0.42,5.4,2.2,False,
XAUUSD,K4,X3,DN,-0.58,-0.6,-0.01,-0.02,0.07,0.05,-0.04,-0.05,2.9,3.6,False,
XAUUSD,K4,X3,F0,-0.66,-0.58,-0.14,-0.03,-0.14,-0.02,-0.24,-0.14,6.2,7.6,False,
XAUUSD,K4,X3,UP,-0.4,-0.28,-0.17,-0.01,-0.21,-0.06,-0.25,-0.11,3.5,4.3,False,
XAUUSD,K4,XU,DN,-0.51,-0.53,-0.04,-0.05,-0.05,-0.06,-0.08,-0.09,2.7,2.1,False,
XAUUSD,K4,XU,F0,-0.42,-0.37,-0.0,0.08,0.13,0.22,0.19,0.26,5.7,4.3,False,
XAUUSD,K4,XU,UP,-0.15,-0.07,0.09,0.21,0.27,0.39,0.36,0.46,3.2,2.4,False,
XAUUSD,K5,X1,DN,-0.3,-0.31,-0.11,-0.11,0.14,0.13,0.26,0.25,2.8,1.2,False,
XAUUSD,K5,X1,F0,-0.47,-0.45,0.02,0.07,0.33,0.38,0.46,0.5,5.3,2.2,False,
XAUUSD,K5,X1,UP,-0.37,-0.33,0.17,0.26,0.32,0.38,0.38,0.43,2.4,1.0,False,
XAUUSD,K5,X3,DN,-0.4,-0.42,-0.28,-0.28,-0.05,-0.06,0.16,0.15,1.7,2.1,False,
XAUUSD,K5,X3,F0,-0.52,-0.48,-0.07,-0.0,0.12,0.19,0.2,0.25,3.2,3.9,False,
XAUUSD,K5,X3,UP,-0.34,-0.27,0.17,0.28,0.19,0.28,0.16,0.22,1.5,1.8,False,
XAUUSD,K5,XU,DN,-0.27,-0.28,-0.09,-0.09,0.16,0.15,0.28,0.27,1.7,1.2,False,
XAUUSD,K5,XU,F0,-0.45,-0.42,0.05,0.1,0.36,0.4,0.48,0.52,2.8,2.2,False,
XAUUSD,K5,XU,UP,-0.35,-0.31,0.18,0.27,0.36,0.42,0.42,0.47,1.3,1.0,False,
XAUUSD,L10,X1,DN,0.1,0.08,-0.04,-0.06,0.19,0.17,-0.09,-0.11,17.8,7.3,False,
XAUUSD,L10,X1,F0,-0.07,0.06,0.13,0.26,0.25,0.39,0.12,0.24,35.1,14.4,False,
XAUUSD,L10,X1,UP,-0.2,0.01,0.2,0.37,0.16,0.37,0.23,0.41,17.4,7.1,False,
XAUUSD,L10,X3,DN,0.3,0.27,0.12,0.09,0.28,0.25,-0.01,-0.04,10.0,12.2,True,
XAUUSD,L10,X3,F0,0.15,0.32,0.2,0.38,0.27,0.46,-0.1,0.06,20.1,24.7,True,
XAUUSD,L10,X3,UP,-0.14,0.12,0.16,0.42,0.1,0.37,-0.14,0.08,10.5,12.9,False,
XAUUSD,L10,XU,DN,0.15,0.13,0.01,-0.01,0.24,0.22,-0.06,-0.08,9.9,7.3,True,
XAUUSD,L10,XU,F0,-0.0,0.13,0.19,0.32,0.31,0.45,0.16,0.29,20.1,14.4,False,
XAUUSD,L10,XU,UP,-0.2,0.0,0.28,0.45,0.21,0.41,0.26,0.44,10.6,7.4,False,
XAUUSD,L5,X1,DN,0.02,-0.01,-0.19,-0.23,0.2,0.17,-0.03,-0.06,25.3,10.3,False,
XAUUSD,L5,X1,F0,-0.0,0.2,-0.17,0.05,0.13,0.36,0.08,0.28,57.6,23.5,False,
XAUUSD,L5,X1,UP,-0.02,0.29,-0.07,0.22,0.01,0.33,0.12,0.41,32.3,13.2,False,
XAUUSD,L5,X3,DN,0.29,0.26,-0.08,-0.13,0.21,0.17,0.04,0.0,14.1,17.3,False,
XAUUSD,L5,X3,F0,0.21,0.52,-0.1,0.21,0.11,0.43,-0.18,0.09,32.3,39.5,False,
XAUUSD,L5,X3,UP,-0.07,0.38,-0.11,0.3,0.01,0.44,-0.28,0.09,18.9,23.1,False,
XAUUSD,L5,XU,DN,0.08,0.05,-0.13,-0.17,0.26,0.23,0.01,-0.02,14.3,10.3,False,
XAUUSD,L5,XU,F0,0.08,0.29,-0.09,0.12,0.21,0.44,0.13,0.34,32.6,23.5,False,
XAUUSD,L5,XU,UP,-0.01,0.3,-0.04,0.25,0.02,0.34,0.1,0.39,18.8,13.6,False,
XAUUSD,R10,X1,DN,-0.01,-0.02,-0.08,-0.09,0.02,0.01,-0.22,-0.23,14.2,5.8,False,
XAUUSD,R10,X1,F0,-0.13,-0.02,-0.13,-0.04,-0.11,-0.01,-0.2,-0.11,26.8,10.9,False,
XAUUSD,R10,X1,UP,-0.18,-0.02,-0.1,0.02,-0.16,-0.02,-0.08,0.05,12.6,5.1,False,
XAUUSD,R10,X3,DN,0.02,0.0,0.07,0.05,-0.02,-0.03,-0.09,-0.11,7.7,9.4,False,
XAUUSD,R10,X3,F0,-0.25,-0.09,-0.23,-0.08,-0.24,-0.08,-0.41,-0.28,14.7,17.9,False,
XAUUSD,R10,X3,UP,-0.37,-0.15,-0.31,-0.11,-0.26,-0.05,-0.43,-0.26,7.2,8.8,False,
XAUUSD,R10,XU,DN,0.04,0.03,-0.04,-0.05,0.06,0.05,-0.19,-0.2,7.8,5.8,False,
XAUUSD,R10,XU,F0,-0.08,0.03,-0.08,0.02,-0.06,0.05,-0.16,-0.07,14.6,11.0,False,
XAUUSD,R10,XU,UP,-0.18,-0.02,-0.02,0.11,-0.09,0.06,-0.04,0.08,7.3,5.5,False,
XAUUSD,R20,X1,DN,-0.08,-0.11,-0.35,-0.39,0.11,0.07,-0.15,-0.18,24.8,10.1,False,
XAUUSD,R20,X1,F0,-0.15,0.03,-0.25,-0.07,-0.01,0.19,-0.05,0.12,51.3,20.9,False,
XAUUSD,R20,X1,UP,-0.12,0.16,-0.05,0.19,-0.11,0.18,0.06,0.32,26.5,10.8,False,
XAUUSD,R20,X3,DN,0.07,0.04,-0.24,-0.29,-0.03,-0.07,-0.11,-0.15,13.0,15.9,False,
XAUUSD,R20,X3,F0,-0.07,0.19,-0.16,0.1,-0.09,0.18,-0.29,-0.06,27.7,33.9,False,
XAUUSD,R20,X3,UP,-0.25,0.14,-0.09,0.26,-0.11,0.27,-0.29,0.03,15.0,18.4,False,
XAUUSD,R20,XU,DN,-0.03,-0.05,-0.29,-0.33,0.16,0.13,-0.11,-0.14,13.7,10.1,False,
XAUUSD,R20,XU,F0,-0.07,0.11,-0.17,0.0,0.07,0.26,0.0,0.17,28.6,20.9,False,
XAUUSD,R20,XU,UP,-0.12,0.16,-0.03,0.21,-0.1,0.2,0.05,0.3,15.3,11.2,False,
XAUUSD,R5,X1,DN,-0.07,-0.07,-0.08,-0.09,0.08,0.08,-0.07,-0.08,8.0,3.3,False,
XAUUSD,R5,X1,F0,-0.15,-0.07,-0.41,-0.35,-0.05,0.01,-0.09,-0.04,13.9,5.7,False,
XAUUSD,R5,X1,UP,-0.15,-0.03,-0.44,-0.37,-0.13,-0.05,-0.06,0.01,5.9,2.4,False,
XAUUSD,R5,X3,DN,0.01,0.01,-0.25,-0.26,-0.07,-0.07,-0.04,-0.05,4.5,5.5,False,
XAUUSD,R5,X3,F0,-0.12,0.01,-0.32,-0.22,-0.17,-0.08,-0.16,-0.08,8.0,9.8,False,
XAUUSD,R5,X3,UP,-0.15,0.03,-0.16,-0.02,-0.15,-0.03,-0.16,-0.06,3.6,4.5,False,
XAUUSD,R5,XU,DN,-0.04,-0.04,-0.05,-0.05,0.11,0.11,-0.05,-0.05,4.0,3.3,False,
XAUUSD,R5,XU,F0,-0.11,-0.03,-0.37,-0.32,-0.02,0.05,-0.07,-0.01,7.3,5.7,False,
XAUUSD,R5,XU,UP,-0.11,0.01,-0.34,-0.27,-0.1,-0.01,-0.04,0.03,3.5,2.6,False,
