tokyo_date,type
2003-01-10,gotobi_5_10
2003-01-15,gotobi_5_10
2003-01-20,gotobi_5_10
2003-01-24,gotobi_5_10
2003-01-30,gotobi_5_10
2003-01-31,month_end
2003-02-05,gotobi_5_10
2003-02-10,gotobi_5_10
2003-02-14,gotobi_5_10
2003-02-20,gotobi_5_10
2003-02-25,gotobi_5_10
2003-02-28,month_end
2003-03-05,gotobi_5_10
2003-03-10,gotobi_5_10
2003-03-14,gotobi_5_10
2003-03-20,gotobi_5_10
2003-03-25,gotobi_5_10
2003-03-28,gotobi_5_10
2003-03-31,month_end
2003-04-04,gotobi_5_10
2003-04-10,gotobi_5_10
2003-04-15,gotobi_5_10
2003-04-18,gotobi_5_10
2003-04-25,gotobi_5_10
2003-04-30,month_end
2003-05-02,gotobi_5_10
2003-05-09,gotobi_5_10
2003-05-15,gotobi_5_10
2003-05-20,gotobi_5_10
2003-05-23,gotobi_5_10
2003-05-30,month_end
2003-06-05,gotobi_5_10
2003-06-10,gotobi_5_10
2003-06-13,gotobi_5_10
2003-06-20,gotobi_5_10
2003-06-25,gotobi_5_10
2003-06-30,month_end
2003-07-04,gotobi_5_10
2003-07-10,gotobi_5_10
2003-07-15,gotobi_5_10
2003-07-18,gotobi_5_10
2003-07-25,gotobi_5_10
2003-07-30,gotobi_5_10
2003-07-31,month_end
2003-08-05,gotobi_5_10
2003-08-08,gotobi_5_10
2003-08-15,gotobi_5_10
2003-08-20,gotobi_5_10
2003-08-25,gotobi_5_10
2003-08-29,month_end
2003-09-05,gotobi_5_10
2003-09-10,gotobi_5_10
2003-09-12,gotobi_5_10
2003-09-19,gotobi_5_10
2003-09-25,gotobi_5_10
2003-09-30,month_end
2003-10-03,gotobi_5_10
2003-10-10,gotobi_5_10
2003-10-15,gotobi_5_10
2003-10-20,gotobi_5_10
2003-10-24,gotobi_5_10
2003-10-30,gotobi_5_10
2003-10-31,month_end
2003-11-05,gotobi_5_10
2003-11-10,gotobi_5_10
2003-11-14,gotobi_5_10
2003-11-20,gotobi_5_10
2003-11-25,gotobi_5_10
2003-11-28,month_end
2003-12-05,gotobi_5_10
2003-12-10,gotobi_5_10
2003-12-15,gotobi_5_10
2003-12-19,gotobi_5_10
2003-12-25,gotobi_5_10
2003-12-30,month_end
2004-01-05,gotobi_5_10
2004-01-09,gotobi_5_10
2004-01-15,gotobi_5_10
2004-01-20,gotobi_5_10
2004-01-23,gotobi_5_10
2004-01-30,month_end
2004-02-05,gotobi_5_10
2004-02-10,gotobi_5_10
2004-02-13,gotobi_5_10
2004-02-20,gotobi_5_10
2004-02-25,gotobi_5_10
2004-02-27,month_end
2004-03-05,gotobi_5_10
2004-03-10,gotobi_5_10
2004-03-15,gotobi_5_10
2004-03-19,gotobi_5_10
2004-03-25,gotobi_5_10
2004-03-30,gotobi_5_10
2004-03-31,month_end
2004-04-05,gotobi_5_10
2004-04-09,gotobi_5_10
2004-04-15,gotobi_5_10
2004-04-20,gotobi_5_10
2004-04-23,gotobi_5_10
2004-04-30,month_end
2004-05-10,gotobi_5_10
2004-05-14,gotobi_5_10
2004-05-20,gotobi_5_10
2004-05-25,gotobi_5_10
2004-05-28,gotobi_5_10
2004-05-31,month_end
2004-06-04,gotobi_5_10
2004-06-10,gotobi_5_10
2004-06-15,gotobi_5_10
2004-06-18,gotobi_5_10
2004-06-25,gotobi_5_10
2004-06-30,month_end
2004-07-05,gotobi_5_10
2004-07-09,gotobi_5_10
2004-07-15,gotobi_5_10
2004-07-20,gotobi_5_10
2004-07-23,gotobi_5_10
2004-07-30,month_end
2004-08-05,gotobi_5_10
2004-08-10,gotobi_5_10
2004-08-13,gotobi_5_10
2004-08-20,gotobi_5_10
2004-08-25,gotobi_5_10
2004-08-30,gotobi_5_10
2004-08-31,month_end
2004-09-03,gotobi_5_10
2004-09-10,gotobi_5_10
2004-09-15,gotobi_5_10
2004-09-17,gotobi_5_10
2004-09-24,gotobi_5_10
2004-09-30,month_end
2004-10-05,gotobi_5_10
2004-10-08,gotobi_5_10
2004-10-15,gotobi_5_10
2004-10-20,gotobi_5_10
2004-10-25,gotobi_5_10
2004-10-29,month_end
2004-11-05,gotobi_5_10
2004-11-10,gotobi_5_10
2004-11-15,gotobi_5_10
2004-11-19,gotobi_5_10
2004-11-25,gotobi_5_10
2004-11-30,month_end
2004-12-03,gotobi_5_10
2004-12-10,gotobi_5_10
2004-12-15,gotobi_5_10
2004-12-20,gotobi_5_10
2004-12-24,gotobi_5_10
2004-12-30,month_end
2005-01-05,gotobi_5_10
2005-01-07,gotobi_5_10
2005-01-14,gotobi_5_10
2005-01-20,gotobi_5_10
2005-01-25,gotobi_5_10
2005-01-28,gotobi_5_10
2005-01-31,month_end
2005-02-04,gotobi_5_10
2005-02-10,gotobi_5_10
2005-02-15,gotobi_5_10
2005-02-18,gotobi_5_10
2005-02-25,gotobi_5_10
2005-02-28,month_end
2005-03-04,gotobi_5_10
2005-03-10,gotobi_5_10
2005-03-15,gotobi_5_10
2005-03-18,gotobi_5_10
2005-03-25,gotobi_5_10
2005-03-30,gotobi_5_10
2005-03-31,month_end
2005-04-05,gotobi_5_10
2005-04-08,gotobi_5_10
2005-04-15,gotobi_5_10
2005-04-20,gotobi_5_10
2005-04-25,gotobi_5_10
2005-04-28,month_end
2005-05-02,gotobi_5_10
2005-05-10,gotobi_5_10
2005-05-13,gotobi_5_10
2005-05-20,gotobi_5_10
2005-05-25,gotobi_5_10
2005-05-30,gotobi_5_10
2005-05-31,month_end
2005-06-03,gotobi_5_10
2005-06-10,gotobi_5_10
2005-06-15,gotobi_5_10
2005-06-20,gotobi_5_10
2005-06-24,gotobi_5_10
2005-06-30,month_end
2005-07-05,gotobi_5_10
2005-07-08,gotobi_5_10
2005-07-15,gotobi_5_10
2005-07-20,gotobi_5_10
2005-07-25,gotobi_5_10
2005-07-29,month_end
2005-08-05,gotobi_5_10
2005-08-10,gotobi_5_10
2005-08-15,gotobi_5_10
2005-08-19,gotobi_5_10
2005-08-25,gotobi_5_10
2005-08-30,gotobi_5_10
2005-08-31,month_end
2005-09-05,gotobi_5_10
2005-09-09,gotobi_5_10
2005-09-15,gotobi_5_10
2005-09-20,gotobi_5_10
2005-09-22,gotobi_5_10
2005-09-30,month_end
2005-10-05,gotobi_5_10
2005-10-07,gotobi_5_10
2005-10-14,gotobi_5_10
2005-10-20,gotobi_5_10
2005-10-25,gotobi_5_10
2005-10-28,gotobi_5_10
2005-10-31,month_end
2005-11-04,gotobi_5_10
2005-11-10,gotobi_5_10
2005-11-15,gotobi_5_10
2005-11-18,gotobi_5_10
2005-11-25,gotobi_5_10
2005-11-30,month_end
2005-12-05,gotobi_5_10
2005-12-09,gotobi_5_10
2005-12-15,gotobi_5_10
2005-12-20,gotobi_5_10
2005-12-22,gotobi_5_10
2005-12-30,month_end
2006-01-05,gotobi_5_10
2006-01-10,gotobi_5_10
2006-01-13,gotobi_5_10
2006-01-20,gotobi_5_10
2006-01-25,gotobi_5_10
2006-01-30,gotobi_5_10
2006-01-31,month_end
2006-02-03,gotobi_5_10
2006-02-10,gotobi_5_10
2006-02-15,gotobi_5_10
2006-02-20,gotobi_5_10
2006-02-24,gotobi_5_10
2006-02-28,month_end
2006-03-03,gotobi_5_10
2006-03-10,gotobi_5_10
2006-03-15,gotobi_5_10
2006-03-20,gotobi_5_10
2006-03-24,gotobi_5_10
2006-03-30,gotobi_5_10
2006-03-31,month_end
2006-04-05,gotobi_5_10
2006-04-10,gotobi_5_10
2006-04-14,gotobi_5_10
2006-04-20,gotobi_5_10
2006-04-25,gotobi_5_10
2006-04-28,month_end
2006-05-02,gotobi_5_10
2006-05-10,gotobi_5_10
2006-05-15,gotobi_5_10
2006-05-19,gotobi_5_10
2006-05-25,gotobi_5_10
2006-05-30,gotobi_5_10
2006-05-31,month_end
2006-06-05,gotobi_5_10
2006-06-09,gotobi_5_10
2006-06-15,gotobi_5_10
2006-06-20,gotobi_5_10
2006-06-23,gotobi_5_10
2006-06-30,month_end
2006-07-05,gotobi_5_10
2006-07-10,gotobi_5_10
2006-07-14,gotobi_5_10
2006-07-20,gotobi_5_10
2006-07-25,gotobi_5_10
2006-07-28,gotobi_5_10
2006-07-31,month_end
2006-08-04,gotobi_5_10
2006-08-10,gotobi_5_10
2006-08-15,gotobi_5_10
2006-08-18,gotobi_5_10
2006-08-25,gotobi_5_10
2006-08-30,gotobi_5_10
2006-08-31,month_end
2006-09-05,gotobi_5_10
2006-09-08,gotobi_5_10
2006-09-15,gotobi_5_10
2006-09-20,gotobi_5_10
2006-09-25,gotobi_5_10
2006-09-29,month_end
2006-10-05,gotobi_5_10
2006-10-10,gotobi_5_10
2006-10-13,gotobi_5_10
2006-10-20,gotobi_5_10
2006-10-25,gotobi_5_10
2006-10-30,gotobi_5_10
2006-10-31,month_end
2006-11-02,gotobi_5_10
2006-11-10,gotobi_5_10
2006-11-15,gotobi_5_10
2006-11-20,gotobi_5_10
2006-11-24,gotobi_5_10
2006-11-30,month_end
2006-12-05,gotobi_5_10
2006-12-08,gotobi_5_10
2006-12-15,gotobi_5_10
2006-12-20,gotobi_5_10
2006-12-25,gotobi_5_10
2006-12-29,month_end
2007-01-05,gotobi_5_10
2007-01-10,gotobi_5_10
2007-01-15,gotobi_5_10
2007-01-19,gotobi_5_10
2007-01-25,gotobi_5_10
2007-01-30,gotobi_5_10
2007-01-31,month_end
2007-02-05,gotobi_5_10
2007-02-09,gotobi_5_10
2007-02-15,gotobi_5_10
2007-02-20,gotobi_5_10
2007-02-23,gotobi_5_10
2007-02-28,month_end
2007-03-05,gotobi_5_10
2007-03-09,gotobi_5_10
2007-03-15,gotobi_5_10
2007-03-20,gotobi_5_10
2007-03-23,gotobi_5_10
2007-03-30,month_end
2007-04-05,gotobi_5_10
2007-04-10,gotobi_5_10
2007-04-13,gotobi_5_10
2007-04-20,gotobi_5_10
2007-04-25,gotobi_5_10
2007-04-27,month_end
2007-05-02,gotobi_5_10
2007-05-10,gotobi_5_10
2007-05-15,gotobi_5_10
2007-05-18,gotobi_5_10
2007-05-25,gotobi_5_10
2007-05-30,gotobi_5_10
2007-05-31,month_end
2007-06-05,gotobi_5_10
2007-06-08,gotobi_5_10
2007-06-15,gotobi_5_10
2007-06-20,gotobi_5_10
2007-06-25,gotobi_5_10
2007-06-29,month_end
2007-07-05,gotobi_5_10
2007-07-10,gotobi_5_10
2007-07-13,gotobi_5_10
2007-07-20,gotobi_5_10
2007-07-25,gotobi_5_10
2007-07-30,gotobi_5_10
2007-07-31,month_end
2007-08-03,gotobi_5_10
2007-08-10,gotobi_5_10
2007-08-15,gotobi_5_10
2007-08-20,gotobi_5_10
2007-08-24,gotobi_5_10
2007-08-30,gotobi_5_10
2007-08-31,month_end
2007-09-05,gotobi_5_10
2007-09-10,gotobi_5_10
2007-09-14,gotobi_5_10
2007-09-20,gotobi_5_10
2007-09-25,gotobi_5_10
2007-09-28,month_end
2007-10-05,gotobi_5_10
2007-10-10,gotobi_5_10
2007-10-15,gotobi_5_10
2007-10-19,gotobi_5_10
2007-10-25,gotobi_5_10
2007-10-30,gotobi_5_10
2007-10-31,month_end
2007-11-05,gotobi_5_10
2007-11-09,gotobi_5_10
2007-11-15,gotobi_5_10
2007-11-20,gotobi_5_10
2007-11-22,gotobi_5_10
2007-11-30,month_end
2007-12-05,gotobi_5_10
2007-12-10,gotobi_5_10
2007-12-14,gotobi_5_10
2007-12-20,gotobi_5_10
2007-12-25,gotobi_5_10
2007-12-28,month_end
2008-01-04,gotobi_5_10
2008-01-10,gotobi_5_10
2008-01-15,gotobi_5_10
2008-01-18,gotobi_5_10
2008-01-25,gotobi_5_10
2008-01-30,gotobi_5_10
2008-01-31,month_end
2008-02-05,gotobi_5_10
2008-02-08,gotobi_5_10
2008-02-15,gotobi_5_10
2008-02-20,gotobi_5_10
2008-02-25,gotobi_5_10
2008-02-29,month_end
2008-03-05,gotobi_5_10
2008-03-10,gotobi_5_10
2008-03-14,gotobi_5_10
2008-03-19,gotobi_5_10
2008-03-25,gotobi_5_10
2008-03-28,gotobi_5_10
2008-03-31,month_end
2008-04-04,gotobi_5_10
2008-04-10,gotobi_5_10
2008-04-15,gotobi_5_10
2008-04-18,gotobi_5_10
2008-04-25,gotobi_5_10
2008-04-30,month_end
2008-05-02,gotobi_5_10
2008-05-09,gotobi_5_10
2008-05-15,gotobi_5_10
2008-05-20,gotobi_5_10
2008-05-23,gotobi_5_10
2008-05-30,month_end
2008-06-05,gotobi_5_10
2008-06-10,gotobi_5_10
2008-06-13,gotobi_5_10
2008-06-20,gotobi_5_10
2008-06-25,gotobi_5_10
2008-06-30,month_end
2008-07-04,gotobi_5_10
2008-07-10,gotobi_5_10
2008-07-15,gotobi_5_10
2008-07-18,gotobi_5_10
2008-07-25,gotobi_5_10
2008-07-30,gotobi_5_10
2008-07-31,month_end
2008-08-05,gotobi_5_10
2008-08-08,gotobi_5_10
2008-08-15,gotobi_5_10
2008-08-20,gotobi_5_10
2008-08-25,gotobi_5_10
2008-08-29,month_end
2008-09-05,gotobi_5_10
2008-09-10,gotobi_5_10
2008-09-12,gotobi_5_10
2008-09-19,gotobi_5_10
2008-09-25,gotobi_5_10
2008-09-30,month_end
2008-10-03,gotobi_5_10
2008-10-10,gotobi_5_10
2008-10-15,gotobi_5_10
2008-10-20,gotobi_5_10
2008-10-24,gotobi_5_10
2008-10-30,gotobi_5_10
2008-10-31,month_end
2008-11-05,gotobi_5_10
2008-11-10,gotobi_5_10
2008-11-14,gotobi_5_10
2008-11-20,gotobi_5_10
2008-11-25,gotobi_5_10
2008-11-28,month_end
2008-12-05,gotobi_5_10
2008-12-10,gotobi_5_10
2008-12-15,gotobi_5_10
2008-12-19,gotobi_5_10
2008-12-25,gotobi_5_10
2008-12-30,month_end
2009-01-05,gotobi_5_10
2009-01-09,gotobi_5_10
2009-01-15,gotobi_5_10
2009-01-20,gotobi_5_10
2009-01-23,gotobi_5_10
2009-01-30,month_end
2009-02-05,gotobi_5_10
2009-02-10,gotobi_5_10
2009-02-13,gotobi_5_10
2009-02-20,gotobi_5_10
2009-02-25,gotobi_5_10
2009-02-27,month_end
2009-03-05,gotobi_5_10
2009-03-10,gotobi_5_10
2009-03-13,gotobi_5_10
2009-03-19,gotobi_5_10
2009-03-25,gotobi_5_10
2009-03-30,gotobi_5_10
2009-03-31,month_end
2009-04-03,gotobi_5_10
2009-04-10,gotobi_5_10
2009-04-15,gotobi_5_10
2009-04-20,gotobi_5_10
2009-04-24,gotobi_5_10
2009-04-30,month_end
2009-05-01,gotobi_5_10
2009-05-08,gotobi_5_10
2009-05-15,gotobi_5_10
2009-05-20,gotobi_5_10
2009-05-25,gotobi_5_10
2009-05-29,month_end
2009-06-05,gotobi_5_10
2009-06-10,gotobi_5_10
2009-06-15,gotobi_5_10
2009-06-19,gotobi_5_10
2009-06-25,gotobi_5_10
2009-06-30,month_end
2009-07-03,gotobi_5_10
2009-07-10,gotobi_5_10
2009-07-15,gotobi_5_10
2009-07-17,gotobi_5_10
2009-07-24,gotobi_5_10
2009-07-30,gotobi_5_10
2009-07-31,month_end
2009-08-05,gotobi_5_10
2009-08-10,gotobi_5_10
2009-08-14,gotobi_5_10
2009-08-20,gotobi_5_10
2009-08-25,gotobi_5_10
2009-08-28,gotobi_5_10
2009-08-31,month_end
2009-09-04,gotobi_5_10
2009-09-10,gotobi_5_10
2009-09-15,gotobi_5_10
2009-09-18,gotobi_5_10
2009-09-25,gotobi_5_10
2009-09-30,month_end
2009-10-05,gotobi_5_10
2009-10-09,gotobi_5_10
2009-10-15,gotobi_5_10
2009-10-20,gotobi_5_10
2009-10-23,gotobi_5_10
2009-10-30,month_end
2009-11-05,gotobi_5_10
2009-11-10,gotobi_5_10
2009-11-13,gotobi_5_10
2009-11-20,gotobi_5_10
2009-11-25,gotobi_5_10
2009-11-30,month_end
2009-12-04,gotobi_5_10
2009-12-10,gotobi_5_10
2009-12-15,gotobi_5_10
2009-12-18,gotobi_5_10
2009-12-25,gotobi_5_10
2009-12-30,month_end
2010-01-05,gotobi_5_10
2010-01-08,gotobi_5_10
2010-01-15,gotobi_5_10
2010-01-20,gotobi_5_10
2010-01-25,gotobi_5_10
2010-01-29,month_end
2010-02-05,gotobi_5_10
2010-02-10,gotobi_5_10
2010-02-15,gotobi_5_10
2010-02-19,gotobi_5_10
2010-02-25,gotobi_5_10
2010-02-26,month_end
2010-03-05,gotobi_5_10
2010-03-10,gotobi_5_10
2010-03-15,gotobi_5_10
2010-03-19,gotobi_5_10
2010-03-25,gotobi_5_10
2010-03-30,gotobi_5_10
2010-03-31,month_end
2010-04-05,gotobi_5_10
2010-04-09,gotobi_5_10
2010-04-15,gotobi_5_10
2010-04-20,gotobi_5_10
2010-04-23,gotobi_5_10
2010-04-30,month_end
2010-05-10,gotobi_5_10
2010-05-14,gotobi_5_10
2010-05-20,gotobi_5_10
2010-05-25,gotobi_5_10
2010-05-28,gotobi_5_10
2010-05-31,month_end
2010-06-04,gotobi_5_10
2010-06-10,gotobi_5_10
2010-06-15,gotobi_5_10
2010-06-18,gotobi_5_10
2010-06-25,gotobi_5_10
2010-06-30,month_end
2010-07-05,gotobi_5_10
2010-07-09,gotobi_5_10
2010-07-15,gotobi_5_10
2010-07-20,gotobi_5_10
2010-07-23,gotobi_5_10
2010-07-30,month_end
2010-08-05,gotobi_5_10
2010-08-10,gotobi_5_10
2010-08-13,gotobi_5_10
2010-08-20,gotobi_5_10
2010-08-25,gotobi_5_10
2010-08-30,gotobi_5_10
2010-08-31,month_end
2010-09-03,gotobi_5_10
2010-09-10,gotobi_5_10
2010-09-15,gotobi_5_10
2010-09-17,gotobi_5_10
2010-09-24,gotobi_5_10
2010-09-30,month_end
2010-10-05,gotobi_5_10
2010-10-08,gotobi_5_10
2010-10-15,gotobi_5_10
2010-10-20,gotobi_5_10
2010-10-25,gotobi_5_10
2010-10-29,month_end
2010-11-05,gotobi_5_10
2010-11-10,gotobi_5_10
2010-11-15,gotobi_5_10
2010-11-19,gotobi_5_10
2010-11-25,gotobi_5_10
2010-11-30,month_end
2010-12-03,gotobi_5_10
2010-12-10,gotobi_5_10
2010-12-15,gotobi_5_10
2010-12-20,gotobi_5_10
2010-12-24,gotobi_5_10
2010-12-30,month_end
2011-01-05,gotobi_5_10
2011-01-07,gotobi_5_10
2011-01-14,gotobi_5_10
2011-01-20,gotobi_5_10
2011-01-25,gotobi_5_10
2011-01-28,gotobi_5_10
2011-01-31,month_end
2011-02-04,gotobi_5_10
2011-02-10,gotobi_5_10
2011-02-15,gotobi_5_10
2011-02-18,gotobi_5_10
2011-02-25,gotobi_5_10
2011-02-28,month_end
2011-03-04,gotobi_5_10
2011-03-10,gotobi_5_10
2011-03-15,gotobi_5_10
2011-03-18,gotobi_5_10
2011-03-25,gotobi_5_10
2011-03-30,gotobi_5_10
2011-03-31,month_end
2011-04-05,gotobi_5_10
2011-04-08,gotobi_5_10
2011-04-15,gotobi_5_10
2011-04-20,gotobi_5_10
2011-04-25,gotobi_5_10
2011-04-28,month_end
2011-05-02,gotobi_5_10
2011-05-10,gotobi_5_10
2011-05-13,gotobi_5_10
2011-05-20,gotobi_5_10
2011-05-25,gotobi_5_10
2011-05-30,gotobi_5_10
2011-05-31,month_end
2011-06-03,gotobi_5_10
2011-06-10,gotobi_5_10
2011-06-15,gotobi_5_10
2011-06-20,gotobi_5_10
2011-06-24,gotobi_5_10
2011-06-30,month_end
2011-07-05,gotobi_5_10
2011-07-08,gotobi_5_10
2011-07-15,gotobi_5_10
2011-07-20,gotobi_5_10
2011-07-25,gotobi_5_10
2011-07-29,month_end
2011-08-05,gotobi_5_10
2011-08-10,gotobi_5_10
2011-08-15,gotobi_5_10
2011-08-19,gotobi_5_10
2011-08-25,gotobi_5_10
2011-08-30,gotobi_5_10
2011-08-31,month_end
2011-09-05,gotobi_5_10
2011-09-09,gotobi_5_10
2011-09-15,gotobi_5_10
2011-09-20,gotobi_5_10
2011-09-22,gotobi_5_10
2011-09-30,month_end
2011-10-05,gotobi_5_10
2011-10-07,gotobi_5_10
2011-10-14,gotobi_5_10
2011-10-20,gotobi_5_10
2011-10-25,gotobi_5_10
2011-10-28,gotobi_5_10
2011-10-31,month_end
2011-11-04,gotobi_5_10
2011-11-10,gotobi_5_10
2011-11-15,gotobi_5_10
2011-11-18,gotobi_5_10
2011-11-25,gotobi_5_10
2011-11-30,month_end
2011-12-05,gotobi_5_10
2011-12-09,gotobi_5_10
2011-12-15,gotobi_5_10
2011-12-20,gotobi_5_10
2011-12-22,gotobi_5_10
2011-12-30,month_end
2012-01-05,gotobi_5_10
2012-01-10,gotobi_5_10
2012-01-13,gotobi_5_10
2012-01-20,gotobi_5_10
2012-01-25,gotobi_5_10
2012-01-30,gotobi_5_10
2012-01-31,month_end
2012-02-03,gotobi_5_10
2012-02-10,gotobi_5_10
2012-02-15,gotobi_5_10
2012-02-20,gotobi_5_10
2012-02-24,gotobi_5_10
2012-02-29,month_end
2012-03-05,gotobi_5_10
2012-03-09,gotobi_5_10
2012-03-15,gotobi_5_10
2012-03-19,gotobi_5_10
2012-03-23,gotobi_5_10
2012-03-30,month_end
2012-04-05,gotobi_5_10
2012-04-10,gotobi_5_10
2012-04-13,gotobi_5_10
2012-04-20,gotobi_5_10
2012-04-25,gotobi_5_10
2012-04-27,month_end
2012-05-02,gotobi_5_10
2012-05-10,gotobi_5_10
2012-05-15,gotobi_5_10
2012-05-18,gotobi_5_10
2012-05-25,gotobi_5_10
2012-05-30,gotobi_5_10
2012-05-31,month_end
2012-06-05,gotobi_5_10
2012-06-08,gotobi_5_10
2012-06-15,gotobi_5_10
2012-06-20,gotobi_5_10
2012-06-25,gotobi_5_10
2012-06-29,month_end
2012-07-05,gotobi_5_10
2012-07-10,gotobi_5_10
2012-07-13,gotobi_5_10
2012-07-20,gotobi_5_10
2012-07-25,gotobi_5_10
2012-07-30,gotobi_5_10
2012-07-31,month_end
2012-08-03,gotobi_5_10
2012-08-10,gotobi_5_10
2012-08-15,gotobi_5_10
2012-08-20,gotobi_5_10
2012-08-24,gotobi_5_10
2012-08-30,gotobi_5_10
2012-08-31,month_end
2012-09-05,gotobi_5_10
2012-09-10,gotobi_5_10
2012-09-14,gotobi_5_10
2012-09-20,gotobi_5_10
2012-09-25,gotobi_5_10
2012-09-28,month_end
2012-10-05,gotobi_5_10
2012-10-10,gotobi_5_10
2012-10-15,gotobi_5_10
2012-10-19,gotobi_5_10
2012-10-25,gotobi_5_10
2012-10-30,gotobi_5_10
2012-10-31,month_end
2012-11-05,gotobi_5_10
2012-11-09,gotobi_5_10
2012-11-15,gotobi_5_10
2012-11-20,gotobi_5_10
2012-11-22,gotobi_5_10
2012-11-30,month_end
2012-12-05,gotobi_5_10
2012-12-10,gotobi_5_10
2012-12-14,gotobi_5_10
2012-12-20,gotobi_5_10
2012-12-25,gotobi_5_10
2012-12-28,month_end
2013-01-04,gotobi_5_10
2013-01-10,gotobi_5_10
2013-01-15,gotobi_5_10
2013-01-18,gotobi_5_10
2013-01-25,gotobi_5_10
2013-01-30,gotobi_5_10
2013-01-31,month_end
2013-02-05,gotobi_5_10
2013-02-08,gotobi_5_10
2013-02-15,gotobi_5_10
2013-02-20,gotobi_5_10
2013-02-25,gotobi_5_10
2013-02-28,month_end
2013-03-05,gotobi_5_10
2013-03-08,gotobi_5_10
2013-03-15,gotobi_5_10
2013-03-19,gotobi_5_10
2013-03-25,gotobi_5_10
2013-03-29,month_end
2013-04-05,gotobi_5_10
2013-04-10,gotobi_5_10
2013-04-15,gotobi_5_10
2013-04-19,gotobi_5_10
2013-04-25,gotobi_5_10
2013-04-30,month_end
2013-05-02,gotobi_5_10
2013-05-10,gotobi_5_10
2013-05-15,gotobi_5_10
2013-05-20,gotobi_5_10
2013-05-24,gotobi_5_10
2013-05-30,gotobi_5_10
2013-05-31,month_end
2013-06-05,gotobi_5_10
2013-06-10,gotobi_5_10
2013-06-14,gotobi_5_10
2013-06-20,gotobi_5_10
2013-06-25,gotobi_5_10
2013-06-28,month_end
2013-07-05,gotobi_5_10
2013-07-10,gotobi_5_10
2013-07-12,gotobi_5_10
2013-07-19,gotobi_5_10
2013-07-25,gotobi_5_10
2013-07-30,gotobi_5_10
2013-07-31,month_end
2013-08-05,gotobi_5_10
2013-08-09,gotobi_5_10
2013-08-15,gotobi_5_10
2013-08-20,gotobi_5_10
2013-08-23,gotobi_5_10
2013-08-30,month_end
2013-09-05,gotobi_5_10
2013-09-10,gotobi_5_10
2013-09-13,gotobi_5_10
2013-09-20,gotobi_5_10
2013-09-25,gotobi_5_10
2013-09-30,month_end
2013-10-04,gotobi_5_10
2013-10-10,gotobi_5_10
2013-10-15,gotobi_5_10
2013-10-18,gotobi_5_10
2013-10-25,gotobi_5_10
2013-10-30,gotobi_5_10
2013-10-31,month_end
2013-11-05,gotobi_5_10
2013-11-08,gotobi_5_10
2013-11-15,gotobi_5_10
2013-11-20,gotobi_5_10
2013-11-25,gotobi_5_10
2013-11-29,month_end
2013-12-05,gotobi_5_10
2013-12-10,gotobi_5_10
2013-12-13,gotobi_5_10
2013-12-20,gotobi_5_10
2013-12-25,gotobi_5_10
2013-12-30,month_end
2014-01-10,gotobi_5_10
2014-01-15,gotobi_5_10
2014-01-20,gotobi_5_10
2014-01-24,gotobi_5_10
2014-01-30,gotobi_5_10
2014-01-31,month_end
2014-02-05,gotobi_5_10
2014-02-10,gotobi_5_10
2014-02-14,gotobi_5_10
2014-02-20,gotobi_5_10
2014-02-25,gotobi_5_10
2014-02-28,month_end
2014-03-05,gotobi_5_10
2014-03-10,gotobi_5_10
2014-03-14,gotobi_5_10
2014-03-20,gotobi_5_10
2014-03-25,gotobi_5_10
2014-03-28,gotobi_5_10
2014-03-31,month_end
2014-04-04,gotobi_5_10
2014-04-10,gotobi_5_10
2014-04-15,gotobi_5_10
2014-04-18,gotobi_5_10
2014-04-25,gotobi_5_10
2014-04-30,month_end
2014-05-02,gotobi_5_10
2014-05-09,gotobi_5_10
2014-05-15,gotobi_5_10
2014-05-20,gotobi_5_10
2014-05-23,gotobi_5_10
2014-05-30,month_end
2014-06-05,gotobi_5_10
2014-06-10,gotobi_5_10
2014-06-13,gotobi_5_10
2014-06-20,gotobi_5_10
2014-06-25,gotobi_5_10
2014-06-30,month_end
2014-07-04,gotobi_5_10
2014-07-10,gotobi_5_10
2014-07-15,gotobi_5_10
2014-07-18,gotobi_5_10
2014-07-25,gotobi_5_10
2014-07-30,gotobi_5_10
2014-07-31,month_end
2014-08-05,gotobi_5_10
2014-08-08,gotobi_5_10
2014-08-15,gotobi_5_10
2014-08-20,gotobi_5_10
2014-08-25,gotobi_5_10
2014-08-29,month_end
2014-09-05,gotobi_5_10
2014-09-10,gotobi_5_10
2014-09-12,gotobi_5_10
2014-09-19,gotobi_5_10
2014-09-25,gotobi_5_10
2014-09-30,month_end
2014-10-03,gotobi_5_10
2014-10-10,gotobi_5_10
2014-10-15,gotobi_5_10
2014-10-20,gotobi_5_10
2014-10-24,gotobi_5_10
2014-10-30,gotobi_5_10
2014-10-31,month_end
2014-11-05,gotobi_5_10
2014-11-10,gotobi_5_10
2014-11-14,gotobi_5_10
2014-11-20,gotobi_5_10
2014-11-25,gotobi_5_10
2014-11-28,month_end
2014-12-05,gotobi_5_10
2014-12-10,gotobi_5_10
2014-12-15,gotobi_5_10
2014-12-19,gotobi_5_10
2014-12-25,gotobi_5_10
2014-12-30,month_end
2015-01-05,gotobi_5_10
2015-01-09,gotobi_5_10
2015-01-15,gotobi_5_10
2015-01-20,gotobi_5_10
2015-01-23,gotobi_5_10
2015-01-30,month_end
2015-02-05,gotobi_5_10
2015-02-10,gotobi_5_10
2015-02-13,gotobi_5_10
2015-02-20,gotobi_5_10
2015-02-25,gotobi_5_10
2015-02-27,month_end
2015-03-05,gotobi_5_10
2015-03-10,gotobi_5_10
2015-03-13,gotobi_5_10
2015-03-20,gotobi_5_10
2015-03-25,gotobi_5_10
2015-03-30,gotobi_5_10
2015-03-31,month_end
2015-04-03,gotobi_5_10
2015-04-10,gotobi_5_10
2015-04-15,gotobi_5_10
2015-04-20,gotobi_5_10
2015-04-24,gotobi_5_10
2015-04-30,month_end
2015-05-01,gotobi_5_10
2015-05-08,gotobi_5_10
2015-05-15,gotobi_5_10
2015-05-20,gotobi_5_10
2015-05-25,gotobi_5_10
2015-05-29,month_end
2015-06-05,gotobi_5_10
2015-06-10,gotobi_5_10
2015-06-15,gotobi_5_10
2015-06-19,gotobi_5_10
2015-06-25,gotobi_5_10
2015-06-30,month_end
2015-07-03,gotobi_5_10
2015-07-10,gotobi_5_10
2015-07-15,gotobi_5_10
2015-07-17,gotobi_5_10
2015-07-24,gotobi_5_10
2015-07-30,gotobi_5_10
2015-07-31,month_end
2015-08-05,gotobi_5_10
2015-08-10,gotobi_5_10
2015-08-14,gotobi_5_10
2015-08-20,gotobi_5_10
2015-08-25,gotobi_5_10
2015-08-28,gotobi_5_10
2015-08-31,month_end
2015-09-04,gotobi_5_10
2015-09-10,gotobi_5_10
2015-09-15,gotobi_5_10
2015-09-18,gotobi_5_10
2015-09-25,gotobi_5_10
2015-09-30,month_end
2015-10-05,gotobi_5_10
2015-10-09,gotobi_5_10
2015-10-15,gotobi_5_10
2015-10-20,gotobi_5_10
2015-10-23,gotobi_5_10
2015-10-30,month_end
2015-11-05,gotobi_5_10
2015-11-10,gotobi_5_10
2015-11-13,gotobi_5_10
2015-11-20,gotobi_5_10
2015-11-25,gotobi_5_10
2015-11-30,month_end
2015-12-04,gotobi_5_10
2015-12-10,gotobi_5_10
2015-12-15,gotobi_5_10
2015-12-18,gotobi_5_10
2015-12-25,gotobi_5_10
2015-12-30,month_end
2016-01-05,gotobi_5_10
2016-01-08,gotobi_5_10
2016-01-15,gotobi_5_10
2016-01-20,gotobi_5_10
2016-01-25,gotobi_5_10
2016-01-29,month_end
2016-02-05,gotobi_5_10
2016-02-10,gotobi_5_10
2016-02-15,gotobi_5_10
2016-02-19,gotobi_5_10
2016-02-25,gotobi_5_10
2016-02-29,month_end
2016-03-04,gotobi_5_10
2016-03-10,gotobi_5_10
2016-03-15,gotobi_5_10
2016-03-18,gotobi_5_10
2016-03-25,gotobi_5_10
2016-03-30,gotobi_5_10
2016-03-31,month_end
2016-04-05,gotobi_5_10
2016-04-08,gotobi_5_10
2016-04-15,gotobi_5_10
2016-04-20,gotobi_5_10
2016-04-25,gotobi_5_10
2016-04-28,month_end
2016-05-02,gotobi_5_10
2016-05-10,gotobi_5_10
2016-05-13,gotobi_5_10
2016-05-20,gotobi_5_10
2016-05-25,gotobi_5_10
2016-05-30,gotobi_5_10
2016-05-31,month_end
2016-06-03,gotobi_5_10
2016-06-10,gotobi_5_10
2016-06-15,gotobi_5_10
2016-06-20,gotobi_5_10
2016-06-24,gotobi_5_10
2016-06-30,month_end
2016-07-05,gotobi_5_10
2016-07-08,gotobi_5_10
2016-07-15,gotobi_5_10
2016-07-20,gotobi_5_10
2016-07-25,gotobi_5_10
2016-07-29,month_end
2016-08-05,gotobi_5_10
2016-08-10,gotobi_5_10
2016-08-15,gotobi_5_10
2016-08-19,gotobi_5_10
2016-08-25,gotobi_5_10
2016-08-30,gotobi_5_10
2016-08-31,month_end
2016-09-05,gotobi_5_10
2016-09-09,gotobi_5_10
2016-09-15,gotobi_5_10
2016-09-20,gotobi_5_10
2016-09-23,gotobi_5_10
2016-09-30,month_end
2016-10-05,gotobi_5_10
2016-10-07,gotobi_5_10
2016-10-14,gotobi_5_10
2016-10-20,gotobi_5_10
2016-10-25,gotobi_5_10
2016-10-28,gotobi_5_10
2016-10-31,month_end
2016-11-04,gotobi_5_10
2016-11-10,gotobi_5_10
2016-11-15,gotobi_5_10
2016-11-18,gotobi_5_10
2016-11-25,gotobi_5_10
2016-11-30,month_end
2016-12-05,gotobi_5_10
2016-12-09,gotobi_5_10
2016-12-15,gotobi_5_10
2016-12-20,gotobi_5_10
2016-12-22,gotobi_5_10
2016-12-30,month_end
2017-01-05,gotobi_5_10
2017-01-10,gotobi_5_10
2017-01-13,gotobi_5_10
2017-01-20,gotobi_5_10
2017-01-25,gotobi_5_10
2017-01-30,gotobi_5_10
2017-01-31,month_end
2017-02-03,gotobi_5_10
2017-02-10,gotobi_5_10
2017-02-15,gotobi_5_10
2017-02-20,gotobi_5_10
2017-02-24,gotobi_5_10
2017-02-28,month_end
2017-03-03,gotobi_5_10
2017-03-10,gotobi_5_10
2017-03-15,gotobi_5_10
2017-03-17,gotobi_5_10
2017-03-24,gotobi_5_10
2017-03-30,gotobi_5_10
2017-03-31,month_end
2017-04-05,gotobi_5_10
2017-04-10,gotobi_5_10
2017-04-14,gotobi_5_10
2017-04-20,gotobi_5_10
2017-04-25,gotobi_5_10
2017-04-28,month_end
2017-05-02,gotobi_5_10
2017-05-10,gotobi_5_10
2017-05-15,gotobi_5_10
2017-05-19,gotobi_5_10
2017-05-25,gotobi_5_10
2017-05-30,gotobi_5_10
2017-05-31,month_end
2017-06-05,gotobi_5_10
2017-06-09,gotobi_5_10
2017-06-15,gotobi_5_10
2017-06-20,gotobi_5_10
2017-06-23,gotobi_5_10
2017-06-30,month_end
2017-07-05,gotobi_5_10
2017-07-10,gotobi_5_10
2017-07-14,gotobi_5_10
2017-07-20,gotobi_5_10
2017-07-25,gotobi_5_10
2017-07-28,gotobi_5_10
2017-07-31,month_end
2017-08-04,gotobi_5_10
2017-08-10,gotobi_5_10
2017-08-15,gotobi_5_10
2017-08-18,gotobi_5_10
2017-08-25,gotobi_5_10
2017-08-30,gotobi_5_10
2017-08-31,month_end
2017-09-05,gotobi_5_10
2017-09-08,gotobi_5_10
2017-09-15,gotobi_5_10
2017-09-20,gotobi_5_10
2017-09-25,gotobi_5_10
2017-09-29,month_end
2017-10-05,gotobi_5_10
2017-10-10,gotobi_5_10
2017-10-13,gotobi_5_10
2017-10-20,gotobi_5_10
2017-10-25,gotobi_5_10
2017-10-30,gotobi_5_10
2017-10-31,month_end
2017-11-02,gotobi_5_10
2017-11-10,gotobi_5_10
2017-11-15,gotobi_5_10
2017-11-20,gotobi_5_10
2017-11-24,gotobi_5_10
2017-11-30,month_end
2017-12-05,gotobi_5_10
2017-12-08,gotobi_5_10
2017-12-15,gotobi_5_10
2017-12-20,gotobi_5_10
2017-12-25,gotobi_5_10
2017-12-29,month_end
2018-01-05,gotobi_5_10
2018-01-10,gotobi_5_10
2018-01-15,gotobi_5_10
2018-01-19,gotobi_5_10
2018-01-25,gotobi_5_10
2018-01-30,gotobi_5_10
2018-01-31,month_end
2018-02-05,gotobi_5_10
2018-02-09,gotobi_5_10
2018-02-15,gotobi_5_10
2018-02-20,gotobi_5_10
2018-02-23,gotobi_5_10
2018-02-28,month_end
2018-03-05,gotobi_5_10
2018-03-09,gotobi_5_10
2018-03-15,gotobi_5_10
2018-03-20,gotobi_5_10
2018-03-23,gotobi_5_10
2018-03-30,month_end
2018-04-05,gotobi_5_10
2018-04-10,gotobi_5_10
2018-04-13,gotobi_5_10
2018-04-20,gotobi_5_10
2018-04-25,gotobi_5_10
2018-04-27,month_end
2018-05-02,gotobi_5_10
2018-05-10,gotobi_5_10
2018-05-15,gotobi_5_10
2018-05-18,gotobi_5_10
2018-05-25,gotobi_5_10
2018-05-30,gotobi_5_10
2018-05-31,month_end
2018-06-05,gotobi_5_10
2018-06-08,gotobi_5_10
2018-06-15,gotobi_5_10
2018-06-20,gotobi_5_10
2018-06-25,gotobi_5_10
2018-06-29,month_end
2018-07-05,gotobi_5_10
2018-07-10,gotobi_5_10
2018-07-13,gotobi_5_10
2018-07-20,gotobi_5_10
2018-07-25,gotobi_5_10
2018-07-30,gotobi_5_10
2018-07-31,month_end
2018-08-03,gotobi_5_10
2018-08-10,gotobi_5_10
2018-08-15,gotobi_5_10
2018-08-20,gotobi_5_10
2018-08-24,gotobi_5_10
2018-08-30,gotobi_5_10
2018-08-31,month_end
2018-09-05,gotobi_5_10
2018-09-10,gotobi_5_10
2018-09-14,gotobi_5_10
2018-09-20,gotobi_5_10
2018-09-25,gotobi_5_10
2018-09-28,month_end
2018-10-05,gotobi_5_10
2018-10-10,gotobi_5_10
2018-10-15,gotobi_5_10
2018-10-19,gotobi_5_10
2018-10-25,gotobi_5_10
2018-10-30,gotobi_5_10
2018-10-31,month_end
2018-11-05,gotobi_5_10
2018-11-09,gotobi_5_10
2018-11-15,gotobi_5_10
2018-11-20,gotobi_5_10
2018-11-22,gotobi_5_10
2018-11-30,month_end
2018-12-05,gotobi_5_10
2018-12-10,gotobi_5_10
2018-12-14,gotobi_5_10
2018-12-20,gotobi_5_10
2018-12-25,gotobi_5_10
2018-12-28,month_end
2019-01-04,gotobi_5_10
2019-01-10,gotobi_5_10
2019-01-15,gotobi_5_10
2019-01-18,gotobi_5_10
2019-01-25,gotobi_5_10
2019-01-30,gotobi_5_10
2019-01-31,month_end
2019-02-05,gotobi_5_10
2019-02-08,gotobi_5_10
2019-02-15,gotobi_5_10
2019-02-20,gotobi_5_10
2019-02-25,gotobi_5_10
2019-02-28,month_end
2019-03-05,gotobi_5_10
2019-03-08,gotobi_5_10
2019-03-15,gotobi_5_10
2019-03-20,gotobi_5_10
2019-03-25,gotobi_5_10
2019-03-29,month_end
2019-04-05,gotobi_5_10
2019-04-10,gotobi_5_10
2019-04-15,gotobi_5_10
2019-04-19,gotobi_5_10
2019-04-25,gotobi_5_10
2019-04-26,month_end
2019-05-10,gotobi_5_10
2019-05-15,gotobi_5_10
2019-05-20,gotobi_5_10
2019-05-24,gotobi_5_10
2019-05-30,gotobi_5_10
2019-05-31,month_end
2019-06-05,gotobi_5_10
2019-06-10,gotobi_5_10
2019-06-14,gotobi_5_10
2019-06-20,gotobi_5_10
2019-06-25,gotobi_5_10
2019-06-28,month_end
2019-07-05,gotobi_5_10
2019-07-10,gotobi_5_10
2019-07-12,gotobi_5_10
2019-07-19,gotobi_5_10
2019-07-25,gotobi_5_10
2019-07-30,gotobi_5_10
2019-07-31,month_end
2019-08-05,gotobi_5_10
2019-08-09,gotobi_5_10
2019-08-15,gotobi_5_10
2019-08-20,gotobi_5_10
2019-08-23,gotobi_5_10
2019-08-30,month_end
2019-09-05,gotobi_5_10
2019-09-10,gotobi_5_10
2019-09-13,gotobi_5_10
2019-09-20,gotobi_5_10
2019-09-25,gotobi_5_10
2019-09-30,month_end
2019-10-04,gotobi_5_10
2019-10-10,gotobi_5_10
2019-10-15,gotobi_5_10
2019-10-18,gotobi_5_10
2019-10-25,gotobi_5_10
2019-10-30,gotobi_5_10
2019-10-31,month_end
2019-11-05,gotobi_5_10
2019-11-08,gotobi_5_10
2019-11-15,gotobi_5_10
2019-11-20,gotobi_5_10
2019-11-25,gotobi_5_10
2019-11-29,month_end
2019-12-05,gotobi_5_10
2019-12-10,gotobi_5_10
2019-12-13,gotobi_5_10
2019-12-20,gotobi_5_10
2019-12-25,gotobi_5_10
2019-12-30,month_end
2020-01-10,gotobi_5_10
2020-01-15,gotobi_5_10
2020-01-20,gotobi_5_10
2020-01-24,gotobi_5_10
2020-01-30,gotobi_5_10
2020-01-31,month_end
2020-02-05,gotobi_5_10
2020-02-10,gotobi_5_10
2020-02-14,gotobi_5_10
2020-02-20,gotobi_5_10
2020-02-25,gotobi_5_10
2020-02-28,month_end
2020-03-05,gotobi_5_10
2020-03-10,gotobi_5_10
2020-03-13,gotobi_5_10
2020-03-19,gotobi_5_10
2020-03-25,gotobi_5_10
2020-03-30,gotobi_5_10
2020-03-31,month_end
2020-04-03,gotobi_5_10
2020-04-10,gotobi_5_10
2020-04-15,gotobi_5_10
2020-04-20,gotobi_5_10
2020-04-24,gotobi_5_10
2020-04-30,month_end
2020-05-01,gotobi_5_10
2020-05-08,gotobi_5_10
2020-05-15,gotobi_5_10
2020-05-20,gotobi_5_10
2020-05-25,gotobi_5_10
2020-05-29,month_end
2020-06-05,gotobi_5_10
2020-06-10,gotobi_5_10
2020-06-15,gotobi_5_10
2020-06-19,gotobi_5_10
2020-06-25,gotobi_5_10
2020-06-30,month_end
2020-07-03,gotobi_5_10
2020-07-10,gotobi_5_10
2020-07-15,gotobi_5_10
2020-07-20,gotobi_5_10
2020-07-22,gotobi_5_10
2020-07-30,gotobi_5_10
2020-07-31,month_end
2020-08-05,gotobi_5_10
2020-08-07,gotobi_5_10
2020-08-14,gotobi_5_10
2020-08-20,gotobi_5_10
2020-08-25,gotobi_5_10
2020-08-28,gotobi_5_10
2020-08-31,month_end
2020-09-04,gotobi_5_10
2020-09-10,gotobi_5_10
2020-09-15,gotobi_5_10
2020-09-18,gotobi_5_10
2020-09-25,gotobi_5_10
2020-09-30,month_end
2020-10-05,gotobi_5_10
2020-10-09,gotobi_5_10
2020-10-15,gotobi_5_10
2020-10-20,gotobi_5_10
2020-10-23,gotobi_5_10
2020-10-30,month_end
2020-11-05,gotobi_5_10
2020-11-10,gotobi_5_10
2020-11-13,gotobi_5_10
2020-11-20,gotobi_5_10
2020-11-25,gotobi_5_10
2020-11-30,month_end
2020-12-04,gotobi_5_10
2020-12-10,gotobi_5_10
2020-12-15,gotobi_5_10
2020-12-18,gotobi_5_10
2020-12-25,gotobi_5_10
2020-12-30,month_end
2021-01-05,gotobi_5_10
2021-01-08,gotobi_5_10
2021-01-15,gotobi_5_10
2021-01-20,gotobi_5_10
2021-01-25,gotobi_5_10
2021-01-29,month_end
2021-02-05,gotobi_5_10
2021-02-10,gotobi_5_10
2021-02-15,gotobi_5_10
2021-02-19,gotobi_5_10
2021-02-25,gotobi_5_10
2021-02-26,month_end
2021-03-05,gotobi_5_10
2021-03-10,gotobi_5_10
2021-03-15,gotobi_5_10
2021-03-19,gotobi_5_10
2021-03-25,gotobi_5_10
2021-03-30,gotobi_5_10
2021-03-31,month_end
2021-04-05,gotobi_5_10
2021-04-09,gotobi_5_10
2021-04-15,gotobi_5_10
2021-04-20,gotobi_5_10
2021-04-23,gotobi_5_10
2021-04-30,month_end
2021-05-10,gotobi_5_10
2021-05-14,gotobi_5_10
2021-05-20,gotobi_5_10
2021-05-25,gotobi_5_10
2021-05-28,gotobi_5_10
2021-05-31,month_end
2021-06-04,gotobi_5_10
2021-06-10,gotobi_5_10
2021-06-15,gotobi_5_10
2021-06-18,gotobi_5_10
2021-06-25,gotobi_5_10
2021-06-30,month_end
2021-07-05,gotobi_5_10
2021-07-09,gotobi_5_10
2021-07-15,gotobi_5_10
2021-07-20,gotobi_5_10
2021-07-21,gotobi_5_10
2021-07-30,month_end
2021-08-05,gotobi_5_10
2021-08-10,gotobi_5_10
2021-08-13,gotobi_5_10
2021-08-20,gotobi_5_10
2021-08-25,gotobi_5_10
2021-08-30,gotobi_5_10
2021-08-31,month_end
2021-09-03,gotobi_5_10
2021-09-10,gotobi_5_10
2021-09-15,gotobi_5_10
2021-09-17,gotobi_5_10
2021-09-24,gotobi_5_10
2021-09-30,month_end
2021-10-05,gotobi_5_10
2021-10-08,gotobi_5_10
2021-10-15,gotobi_5_10
2021-10-20,gotobi_5_10
2021-10-25,gotobi_5_10
2021-10-29,month_end
2021-11-05,gotobi_5_10
2021-11-10,gotobi_5_10
2021-11-15,gotobi_5_10
2021-11-19,gotobi_5_10
2021-11-25,gotobi_5_10
2021-11-30,month_end
2021-12-03,gotobi_5_10
2021-12-10,gotobi_5_10
2021-12-15,gotobi_5_10
2021-12-20,gotobi_5_10
2021-12-24,gotobi_5_10
2021-12-30,month_end
2022-01-05,gotobi_5_10
2022-01-07,gotobi_5_10
2022-01-14,gotobi_5_10
2022-01-20,gotobi_5_10
2022-01-25,gotobi_5_10
2022-01-28,gotobi_5_10
2022-01-31,month_end
2022-02-04,gotobi_5_10
2022-02-10,gotobi_5_10
2022-02-15,gotobi_5_10
2022-02-18,gotobi_5_10
2022-02-25,gotobi_5_10
2022-02-28,month_end
2022-03-04,gotobi_5_10
2022-03-10,gotobi_5_10
2022-03-15,gotobi_5_10
2022-03-18,gotobi_5_10
2022-03-25,gotobi_5_10
2022-03-30,gotobi_5_10
2022-03-31,month_end
2022-04-05,gotobi_5_10
2022-04-08,gotobi_5_10
2022-04-15,gotobi_5_10
2022-04-20,gotobi_5_10
2022-04-25,gotobi_5_10
2022-04-28,month_end
2022-05-02,gotobi_5_10
2022-05-10,gotobi_5_10
2022-05-13,gotobi_5_10
2022-05-20,gotobi_5_10
2022-05-25,gotobi_5_10
2022-05-30,gotobi_5_10
2022-05-31,month_end
2022-06-03,gotobi_5_10
2022-06-10,gotobi_5_10
2022-06-15,gotobi_5_10
2022-06-20,gotobi_5_10
2022-06-24,gotobi_5_10
2022-06-30,month_end
2022-07-05,gotobi_5_10
2022-07-08,gotobi_5_10
2022-07-15,gotobi_5_10
2022-07-20,gotobi_5_10
2022-07-25,gotobi_5_10
2022-07-29,month_end
2022-08-05,gotobi_5_10
2022-08-10,gotobi_5_10
2022-08-15,gotobi_5_10
2022-08-19,gotobi_5_10
2022-08-25,gotobi_5_10
2022-08-30,gotobi_5_10
2022-08-31,month_end
2022-09-05,gotobi_5_10
2022-09-09,gotobi_5_10
2022-09-15,gotobi_5_10
2022-09-20,gotobi_5_10
2022-09-22,gotobi_5_10
2022-09-30,month_end
2022-10-05,gotobi_5_10
2022-10-07,gotobi_5_10
2022-10-14,gotobi_5_10
2022-10-20,gotobi_5_10
2022-10-25,gotobi_5_10
2022-10-28,gotobi_5_10
2022-10-31,month_end
2022-11-04,gotobi_5_10
2022-11-10,gotobi_5_10
2022-11-15,gotobi_5_10
2022-11-18,gotobi_5_10
2022-11-25,gotobi_5_10
2022-11-30,month_end
2022-12-05,gotobi_5_10
2022-12-09,gotobi_5_10
2022-12-15,gotobi_5_10
2022-12-20,gotobi_5_10
2022-12-23,gotobi_5_10
2022-12-30,month_end
2023-01-05,gotobi_5_10
2023-01-10,gotobi_5_10
2023-01-13,gotobi_5_10
2023-01-20,gotobi_5_10
2023-01-25,gotobi_5_10
2023-01-30,gotobi_5_10
2023-01-31,month_end
2023-02-03,gotobi_5_10
2023-02-10,gotobi_5_10
2023-02-15,gotobi_5_10
2023-02-20,gotobi_5_10
2023-02-24,gotobi_5_10
2023-02-28,month_end
2023-03-03,gotobi_5_10
2023-03-10,gotobi_5_10
2023-03-15,gotobi_5_10
2023-03-20,gotobi_5_10
2023-03-24,gotobi_5_10
2023-03-30,gotobi_5_10
2023-03-31,month_end
2023-04-05,gotobi_5_10
2023-04-10,gotobi_5_10
2023-04-14,gotobi_5_10
2023-04-20,gotobi_5_10
2023-04-25,gotobi_5_10
2023-04-28,month_end
2023-05-02,gotobi_5_10
2023-05-10,gotobi_5_10
2023-05-15,gotobi_5_10
2023-05-19,gotobi_5_10
2023-05-25,gotobi_5_10
2023-05-30,gotobi_5_10
2023-05-31,month_end
2023-06-05,gotobi_5_10
2023-06-09,gotobi_5_10
2023-06-15,gotobi_5_10
2023-06-20,gotobi_5_10
2023-06-23,gotobi_5_10
2023-06-30,month_end
2023-07-05,gotobi_5_10
2023-07-10,gotobi_5_10
2023-07-14,gotobi_5_10
2023-07-20,gotobi_5_10
2023-07-25,gotobi_5_10
2023-07-28,gotobi_5_10
2023-07-31,month_end
2023-08-04,gotobi_5_10
2023-08-10,gotobi_5_10
2023-08-15,gotobi_5_10
2023-08-18,gotobi_5_10
2023-08-25,gotobi_5_10
2023-08-30,gotobi_5_10
2023-08-31,month_end
2023-09-05,gotobi_5_10
2023-09-08,gotobi_5_10
2023-09-15,gotobi_5_10
2023-09-20,gotobi_5_10
2023-09-25,gotobi_5_10
2023-09-29,month_end
2023-10-05,gotobi_5_10
2023-10-10,gotobi_5_10
2023-10-13,gotobi_5_10
2023-10-20,gotobi_5_10
2023-10-25,gotobi_5_10
2023-10-30,gotobi_5_10
2023-10-31,month_end
2023-11-02,gotobi_5_10
2023-11-10,gotobi_5_10
2023-11-15,gotobi_5_10
2023-11-20,gotobi_5_10
2023-11-24,gotobi_5_10
2023-11-30,month_end
2023-12-05,gotobi_5_10
2023-12-08,gotobi_5_10
2023-12-15,gotobi_5_10
2023-12-20,gotobi_5_10
2023-12-25,gotobi_5_10
2023-12-29,month_end
2024-01-05,gotobi_5_10
2024-01-10,gotobi_5_10
2024-01-15,gotobi_5_10
2024-01-19,gotobi_5_10
2024-01-25,gotobi_5_10
2024-01-30,gotobi_5_10
2024-01-31,month_end
2024-02-05,gotobi_5_10
2024-02-09,gotobi_5_10
2024-02-15,gotobi_5_10
2024-02-20,gotobi_5_10
2024-02-22,gotobi_5_10
2024-02-29,month_end
2024-03-05,gotobi_5_10
2024-03-08,gotobi_5_10
2024-03-15,gotobi_5_10
2024-03-19,gotobi_5_10
2024-03-25,gotobi_5_10
2024-03-29,month_end
2024-04-05,gotobi_5_10
2024-04-10,gotobi_5_10
2024-04-15,gotobi_5_10
2024-04-19,gotobi_5_10
2024-04-25,gotobi_5_10
2024-04-30,month_end
2024-05-02,gotobi_5_10
2024-05-10,gotobi_5_10
2024-05-15,gotobi_5_10
2024-05-20,gotobi_5_10
2024-05-24,gotobi_5_10
2024-05-30,gotobi_5_10
2024-05-31,month_end
2024-06-05,gotobi_5_10
2024-06-10,gotobi_5_10
2024-06-14,gotobi_5_10
2024-06-20,gotobi_5_10
2024-06-25,gotobi_5_10
2024-06-28,month_end
2024-07-05,gotobi_5_10
2024-07-10,gotobi_5_10
2024-07-12,gotobi_5_10
2024-07-19,gotobi_5_10
2024-07-25,gotobi_5_10
2024-07-30,gotobi_5_10
2024-07-31,month_end
2024-08-05,gotobi_5_10
2024-08-09,gotobi_5_10
2024-08-15,gotobi_5_10
2024-08-20,gotobi_5_10
2024-08-23,gotobi_5_10
2024-08-30,month_end
2024-09-05,gotobi_5_10
2024-09-10,gotobi_5_10
2024-09-13,gotobi_5_10
2024-09-20,gotobi_5_10
2024-09-25,gotobi_5_10
2024-09-30,month_end
2024-10-04,gotobi_5_10
2024-10-10,gotobi_5_10
2024-10-15,gotobi_5_10
2024-10-18,gotobi_5_10
2024-10-25,gotobi_5_10
2024-10-30,gotobi_5_10
2024-10-31,month_end
2024-11-05,gotobi_5_10
2024-11-08,gotobi_5_10
2024-11-15,gotobi_5_10
2024-11-20,gotobi_5_10
2024-11-25,gotobi_5_10
2024-11-29,month_end
2024-12-05,gotobi_5_10
2024-12-10,gotobi_5_10
2024-12-13,gotobi_5_10
2024-12-20,gotobi_5_10
2024-12-25,gotobi_5_10
2024-12-30,month_end
2025-01-10,gotobi_5_10
2025-01-15,gotobi_5_10
2025-01-20,gotobi_5_10
2025-01-24,gotobi_5_10
2025-01-30,gotobi_5_10
2025-01-31,month_end
2025-02-05,gotobi_5_10
2025-02-10,gotobi_5_10
2025-02-14,gotobi_5_10
2025-02-20,gotobi_5_10
2025-02-25,gotobi_5_10
2025-02-28,month_end
2025-03-05,gotobi_5_10
2025-03-10,gotobi_5_10
2025-03-14,gotobi_5_10
2025-03-19,gotobi_5_10
2025-03-25,gotobi_5_10
2025-03-28,gotobi_5_10
2025-03-31,month_end
2025-04-04,gotobi_5_10
2025-04-10,gotobi_5_10
2025-04-15,gotobi_5_10
2025-04-18,gotobi_5_10
2025-04-25,gotobi_5_10
2025-04-30,month_end
2025-05-02,gotobi_5_10
2025-05-09,gotobi_5_10
2025-05-15,gotobi_5_10
2025-05-20,gotobi_5_10
2025-05-23,gotobi_5_10
2025-05-30,month_end
2025-06-05,gotobi_5_10
2025-06-10,gotobi_5_10
2025-06-13,gotobi_5_10
2025-06-20,gotobi_5_10
2025-06-25,gotobi_5_10
2025-06-30,month_end
2025-07-04,gotobi_5_10
2025-07-10,gotobi_5_10
2025-07-15,gotobi_5_10
2025-07-18,gotobi_5_10
2025-07-25,gotobi_5_10
2025-07-30,gotobi_5_10
2025-07-31,month_end
2025-08-05,gotobi_5_10
2025-08-08,gotobi_5_10
2025-08-15,gotobi_5_10
2025-08-20,gotobi_5_10
2025-08-25,gotobi_5_10
2025-08-29,month_end
2025-09-05,gotobi_5_10
2025-09-10,gotobi_5_10
2025-09-12,gotobi_5_10
2025-09-19,gotobi_5_10
2025-09-25,gotobi_5_10
2025-09-30,month_end
2025-10-03,gotobi_5_10
2025-10-10,gotobi_5_10
2025-10-15,gotobi_5_10
2025-10-20,gotobi_5_10
2025-10-24,gotobi_5_10
2025-10-30,gotobi_5_10
2025-10-31,month_end
2025-11-05,gotobi_5_10
2025-11-10,gotobi_5_10
2025-11-14,gotobi_5_10
2025-11-20,gotobi_5_10
2025-11-25,gotobi_5_10
2025-11-28,month_end
2025-12-05,gotobi_5_10
2025-12-10,gotobi_5_10
2025-12-15,gotobi_5_10
2025-12-19,gotobi_5_10
2025-12-25,gotobi_5_10
2025-12-30,month_end
2026-01-05,gotobi_5_10
2026-01-09,gotobi_5_10
2026-01-15,gotobi_5_10
2026-01-20,gotobi_5_10
2026-01-23,gotobi_5_10
2026-01-30,month_end
2026-02-05,gotobi_5_10
2026-02-10,gotobi_5_10
2026-02-13,gotobi_5_10
2026-02-20,gotobi_5_10
2026-02-25,gotobi_5_10
2026-02-27,month_end
2026-03-05,gotobi_5_10
2026-03-10,gotobi_5_10
2026-03-13,gotobi_5_10
2026-03-19,gotobi_5_10
2026-03-25,gotobi_5_10
2026-03-30,gotobi_5_10
2026-03-31,month_end
2026-04-03,gotobi_5_10
2026-04-10,gotobi_5_10
2026-04-15,gotobi_5_10
2026-04-20,gotobi_5_10
2026-04-24,gotobi_5_10
2026-04-30,month_end
2026-05-01,gotobi_5_10
2026-05-08,gotobi_5_10
2026-05-15,gotobi_5_10
2026-05-20,gotobi_5_10
2026-05-25,gotobi_5_10
2026-05-29,month_end
2026-06-05,gotobi_5_10
2026-06-10,gotobi_5_10
2026-06-15,gotobi_5_10
2026-06-19,gotobi_5_10
2026-06-25,gotobi_5_10
2026-06-30,month_end
2026-07-03,gotobi_5_10
2026-07-10,gotobi_5_10
2026-07-15,gotobi_5_10
2026-07-17,gotobi_5_10
2026-07-24,gotobi_5_10
2026-07-30,gotobi_5_10
2026-07-31,month_end
2026-08-05,gotobi_5_10
2026-08-10,gotobi_5_10
2026-08-14,gotobi_5_10
2026-08-20,gotobi_5_10
2026-08-25,gotobi_5_10
2026-08-28,gotobi_5_10
2026-08-31,month_end
2026-09-04,gotobi_5_10
2026-09-10,gotobi_5_10
2026-09-15,gotobi_5_10
2026-09-18,gotobi_5_10
2026-09-25,gotobi_5_10
2026-09-30,month_end
2026-10-05,gotobi_5_10
2026-10-09,gotobi_5_10
2026-10-15,gotobi_5_10
2026-10-20,gotobi_5_10
2026-10-23,gotobi_5_10
2026-10-30,month_end
2026-11-05,gotobi_5_10
2026-11-10,gotobi_5_10
2026-11-13,gotobi_5_10
2026-11-20,gotobi_5_10
2026-11-25,gotobi_5_10
2026-11-30,month_end
2026-12-04,gotobi_5_10
2026-12-10,gotobi_5_10
2026-12-15,gotobi_5_10
2026-12-18,gotobi_5_10
2026-12-25,gotobi_5_10
2026-12-30,month_end
2027-01-05,gotobi_5_10
2027-01-08,gotobi_5_10
2027-01-15,gotobi_5_10
2027-01-20,gotobi_5_10
2027-01-25,gotobi_5_10
2027-01-29,month_end
2027-02-05,gotobi_5_10
2027-02-10,gotobi_5_10
2027-02-15,gotobi_5_10
2027-02-19,gotobi_5_10
2027-02-25,gotobi_5_10
2027-02-26,month_end
2027-03-05,gotobi_5_10
2027-03-10,gotobi_5_10
2027-03-15,gotobi_5_10
2027-03-19,gotobi_5_10
2027-03-25,gotobi_5_10
2027-03-30,gotobi_5_10
2027-03-31,month_end
2027-04-05,gotobi_5_10
2027-04-09,gotobi_5_10
2027-04-15,gotobi_5_10
2027-04-20,gotobi_5_10
2027-04-23,gotobi_5_10
2027-04-30,month_end
2027-05-10,gotobi_5_10
2027-05-14,gotobi_5_10
2027-05-20,gotobi_5_10
2027-05-25,gotobi_5_10
2027-05-28,gotobi_5_10
2027-05-31,month_end
2027-06-04,gotobi_5_10
2027-06-10,gotobi_5_10
2027-06-15,gotobi_5_10
2027-06-18,gotobi_5_10
2027-06-25,gotobi_5_10
2027-06-30,month_end
2027-07-05,gotobi_5_10
2027-07-09,gotobi_5_10
2027-07-15,gotobi_5_10
2027-07-20,gotobi_5_10
2027-07-23,gotobi_5_10
2027-07-30,month_end
2027-08-05,gotobi_5_10
2027-08-10,gotobi_5_10
2027-08-13,gotobi_5_10
2027-08-20,gotobi_5_10
2027-08-25,gotobi_5_10
2027-08-30,gotobi_5_10
2027-08-31,month_end
2027-09-03,gotobi_5_10
2027-09-10,gotobi_5_10
2027-09-15,gotobi_5_10
2027-09-17,gotobi_5_10
2027-09-24,gotobi_5_10
2027-09-30,month_end
2027-10-05,gotobi_5_10
2027-10-08,gotobi_5_10
2027-10-15,gotobi_5_10
2027-10-20,gotobi_5_10
2027-10-25,gotobi_5_10
2027-10-29,month_end
2027-11-05,gotobi_5_10
2027-11-10,gotobi_5_10
2027-11-15,gotobi_5_10
2027-11-19,gotobi_5_10
2027-11-25,gotobi_5_10
2027-11-30,month_end
2027-12-03,gotobi_5_10
2027-12-10,gotobi_5_10
2027-12-15,gotobi_5_10
2027-12-20,gotobi_5_10
2027-12-24,gotobi_5_10
2027-12-30,month_end
2028-01-05,gotobi_5_10
2028-01-07,gotobi_5_10
2028-01-14,gotobi_5_10
2028-01-20,gotobi_5_10
2028-01-25,gotobi_5_10
2028-01-28,gotobi_5_10
2028-01-31,month_end
2028-02-04,gotobi_5_10
2028-02-10,gotobi_5_10
2028-02-15,gotobi_5_10
2028-02-18,gotobi_5_10
2028-02-25,gotobi_5_10
2028-02-29,month_end
2028-03-03,gotobi_5_10
2028-03-10,gotobi_5_10
2028-03-15,gotobi_5_10
2028-03-17,gotobi_5_10
2028-03-24,gotobi_5_10
2028-03-30,gotobi_5_10
2028-03-31,month_end
2028-04-05,gotobi_5_10
2028-04-10,gotobi_5_10
2028-04-14,gotobi_5_10
2028-04-20,gotobi_5_10
2028-04-25,gotobi_5_10
2028-04-28,month_end
2028-05-02,gotobi_5_10
2028-05-10,gotobi_5_10
2028-05-15,gotobi_5_10
2028-05-19,gotobi_5_10
2028-05-25,gotobi_5_10
2028-05-30,gotobi_5_10
2028-05-31,month_end
2028-06-05,gotobi_5_10
2028-06-09,gotobi_5_10
2028-06-15,gotobi_5_10
2028-06-20,gotobi_5_10
2028-06-23,gotobi_5_10
2028-06-30,month_end
2028-07-05,gotobi_5_10
2028-07-10,gotobi_5_10
2028-07-14,gotobi_5_10
2028-07-20,gotobi_5_10
2028-07-25,gotobi_5_10
2028-07-28,gotobi_5_10
2028-07-31,month_end
2028-08-04,gotobi_5_10
2028-08-10,gotobi_5_10
2028-08-15,gotobi_5_10
2028-08-18,gotobi_5_10
2028-08-25,gotobi_5_10
2028-08-30,gotobi_5_10
2028-08-31,month_end
2028-09-05,gotobi_5_10
2028-09-08,gotobi_5_10
2028-09-15,gotobi_5_10
2028-09-20,gotobi_5_10
2028-09-25,gotobi_5_10
2028-09-29,month_end
2028-10-05,gotobi_5_10
2028-10-10,gotobi_5_10
2028-10-13,gotobi_5_10
2028-10-20,gotobi_5_10
2028-10-25,gotobi_5_10
2028-10-30,gotobi_5_10
2028-10-31,month_end
2028-11-02,gotobi_5_10
2028-11-10,gotobi_5_10
2028-11-15,gotobi_5_10
2028-11-20,gotobi_5_10
2028-11-24,gotobi_5_10
2028-11-30,month_end
2028-12-05,gotobi_5_10
2028-12-08,gotobi_5_10
2028-12-15,gotobi_5_10
2028-12-20,gotobi_5_10
2028-12-25,gotobi_5_10
2028-12-29,month_end
2029-01-05,gotobi_5_10
2029-01-10,gotobi_5_10
2029-01-15,gotobi_5_10
2029-01-19,gotobi_5_10
2029-01-25,gotobi_5_10
2029-01-30,gotobi_5_10
2029-01-31,month_end
2029-02-05,gotobi_5_10
2029-02-09,gotobi_5_10
2029-02-15,gotobi_5_10
2029-02-20,gotobi_5_10
2029-02-22,gotobi_5_10
2029-02-28,month_end
2029-03-05,gotobi_5_10
2029-03-09,gotobi_5_10
2029-03-15,gotobi_5_10
2029-03-19,gotobi_5_10
2029-03-23,gotobi_5_10
2029-03-30,month_end
2029-04-05,gotobi_5_10
2029-04-10,gotobi_5_10
2029-04-13,gotobi_5_10
2029-04-20,gotobi_5_10
2029-04-25,gotobi_5_10
2029-04-27,month_end
2029-05-02,gotobi_5_10
2029-05-10,gotobi_5_10
2029-05-15,gotobi_5_10
2029-05-18,gotobi_5_10
2029-05-25,gotobi_5_10
2029-05-30,gotobi_5_10
2029-05-31,month_end
2029-06-05,gotobi_5_10
2029-06-08,gotobi_5_10
2029-06-15,gotobi_5_10
2029-06-20,gotobi_5_10
2029-06-25,gotobi_5_10
2029-06-29,month_end
2029-07-05,gotobi_5_10
2029-07-10,gotobi_5_10
2029-07-13,gotobi_5_10
2029-07-20,gotobi_5_10
2029-07-25,gotobi_5_10
2029-07-30,gotobi_5_10
2029-07-31,month_end
2029-08-03,gotobi_5_10
2029-08-10,gotobi_5_10
2029-08-15,gotobi_5_10
2029-08-20,gotobi_5_10
2029-08-24,gotobi_5_10
2029-08-30,gotobi_5_10
2029-08-31,month_end
2029-09-05,gotobi_5_10
2029-09-10,gotobi_5_10
2029-09-14,gotobi_5_10
2029-09-20,gotobi_5_10
2029-09-25,gotobi_5_10
2029-09-28,month_end
2029-10-05,gotobi_5_10
2029-10-10,gotobi_5_10
2029-10-15,gotobi_5_10
2029-10-19,gotobi_5_10
2029-10-25,gotobi_5_10
2029-10-30,gotobi_5_10
2029-10-31,month_end
2029-11-05,gotobi_5_10
2029-11-09,gotobi_5_10
2029-11-15,gotobi_5_10
2029-11-20,gotobi_5_10
2029-11-22,gotobi_5_10
2029-11-30,month_end
2029-12-05,gotobi_5_10
2029-12-10,gotobi_5_10
2029-12-14,gotobi_5_10
2029-12-20,gotobi_5_10
2029-12-25,gotobi_5_10
2029-12-28,month_end
2030-01-04,gotobi_5_10
2030-01-10,gotobi_5_10
2030-01-15,gotobi_5_10
2030-01-18,gotobi_5_10
2030-01-25,gotobi_5_10
2030-01-30,gotobi_5_10
2030-01-31,month_end
2030-02-05,gotobi_5_10
2030-02-08,gotobi_5_10
2030-02-15,gotobi_5_10
2030-02-20,gotobi_5_10
2030-02-25,gotobi_5_10
2030-02-28,month_end
2030-03-05,gotobi_5_10
2030-03-08,gotobi_5_10
2030-03-15,gotobi_5_10
2030-03-19,gotobi_5_10
2030-03-25,gotobi_5_10
2030-03-29,month_end
2030-04-05,gotobi_5_10
2030-04-10,gotobi_5_10
2030-04-15,gotobi_5_10
2030-04-19,gotobi_5_10
2030-04-25,gotobi_5_10
2030-04-30,month_end
2030-05-02,gotobi_5_10
2030-05-10,gotobi_5_10
2030-05-15,gotobi_5_10
2030-05-20,gotobi_5_10
2030-05-24,gotobi_5_10
2030-05-30,gotobi_5_10
2030-05-31,month_end
2030-06-05,gotobi_5_10
2030-06-10,gotobi_5_10
2030-06-14,gotobi_5_10
2030-06-20,gotobi_5_10
2030-06-25,gotobi_5_10
2030-06-28,month_end
2030-07-05,gotobi_5_10
2030-07-10,gotobi_5_10
2030-07-12,gotobi_5_10
2030-07-19,gotobi_5_10
2030-07-25,gotobi_5_10
2030-07-30,gotobi_5_10
2030-07-31,month_end
2030-08-05,gotobi_5_10
2030-08-09,gotobi_5_10
2030-08-15,gotobi_5_10
2030-08-20,gotobi_5_10
2030-08-23,gotobi_5_10
2030-08-30,month_end
2030-09-05,gotobi_5_10
2030-09-10,gotobi_5_10
2030-09-13,gotobi_5_10
2030-09-20,gotobi_5_10
2030-09-25,gotobi_5_10
2030-09-30,month_end
2030-10-04,gotobi_5_10
2030-10-10,gotobi_5_10
2030-10-15,gotobi_5_10
2030-10-18,gotobi_5_10
2030-10-25,gotobi_5_10
2030-10-30,gotobi_5_10
2030-10-31,month_end
2030-11-05,gotobi_5_10
2030-11-08,gotobi_5_10
2030-11-15,gotobi_5_10
2030-11-20,gotobi_5_10
2030-11-25,gotobi_5_10
2030-11-29,month_end
2030-12-05,gotobi_5_10
2030-12-10,gotobi_5_10
2030-12-13,gotobi_5_10
2030-12-20,gotobi_5_10
2030-12-25,gotobi_5_10
2030-12-30,month_end
