market,signal_code,signal,exit_code,exit,filter_code,filter,sharpe_timing_build_c,sharpe_raw_build_c,trades_per_year,family_a_tier
JP225,K4,4 down closes in a row,XU,"exit at first up close (Close[0] > Close[1]), max 5 sessions",F0,no filter,0.61,0.67,6.2,2 (robust)
JP225,K4,4 down closes in a row,X1,exit at next session's 15:55,F0,no filter,0.57,0.63,9.6,2 (robust)
JP225,R5,RSI(2) < 5,XU,"exit at first up close (Close[0] > Close[1]), max 5 sessions",F0,no filter,0.47,0.52,8.0,2 (robust)
JP225,R10,RSI(2) < 10,XU,"exit at first up close (Close[0] > Close[1]), max 5 sessions",F0,no filter,0.46,0.55,15.7,2 (robust)
JP225,R5,RSI(2) < 5,X1,exit at next session's 15:55,F0,no filter,0.45,0.5,13.7,2 (robust)
JP225,R10,RSI(2) < 10,X1,exit at next session's 15:55,F0,no filter,0.43,0.52,27.2,2 (robust)
JP225,I10,IBS < 0.10,XU,"exit at first up close (Close[0] > Close[1]), max 5 sessions",DN,Close < SMA(200) of D1,0.39,0.43,8.4,2 (robust)
JP225,K5,5 down closes in a row,X3,exit after 3 sessions,F0,no filter,0.34,0.39,2.3,2 (robust)
JP225,K2,2 down closes in a row,X3,exit after 3 sessions,F0,no filter,0.33,0.61,31.7,2 (robust)
JP225,K2,2 down closes in a row,X3,exit after 3 sessions,DN,Close < SMA(200) of D1,0.3,0.37,11.6,2 (robust)
JP225,L10,Close <= lowest close of last 10 sessions,X3,exit after 3 sessions,DN,Close < SMA(200) of D1,0.1,0.15,9.6,2 (robust)
US100,I10,IBS < 0.10,XU,"exit at first up close (Close[0] > Close[1]), max 5 sessions",F0,no filter,0.89,1.06,19.7,1 (Romano-Wolf significant)
US100,R20,RSI(2) < 20,XU,"exit at first up close (Close[0] > Close[1]), max 5 sessions",F0,no filter,0.75,0.96,26.8,1 (Romano-Wolf significant)
US100,I10,IBS < 0.10,XU,"exit at first up close (Close[0] > Close[1]), max 5 sessions",DN,Close < SMA(200) of D1,0.71,0.64,4.4,2 (robust)
US100,R20,RSI(2) < 20,X1,exit at next session's 15:55,F0,no filter,0.71,0.92,45.2,2 (robust)
US100,I10,IBS < 0.10,X3,exit after 3 sessions,F0,no filter,0.7,1.01,18.8,2 (robust)
US100,I25,IBS < 0.25,X1,exit at next session's 15:55,F0,no filter,0.69,0.98,53.5,2 (robust)
US100,L5,Close <= lowest close of last 5 sessions,XU,"exit at first up close (Close[0] > Close[1]), max 5 sessions",F0,no filter,0.69,0.92,29.8,2 (robust)
US100,I25,IBS < 0.25,XU,"exit at first up close (Close[0] > Close[1]), max 5 sessions",F0,no filter,0.67,0.99,40.8,2 (robust)
US100,L5,Close <= lowest close of last 5 sessions,X1,exit at next session's 15:55,F0,no filter,0.66,0.89,51.8,2 (robust)
US100,I25,IBS < 0.25,XU,"exit at first up close (Close[0] > Close[1]), max 5 sessions",DN,Close < SMA(200) of D1,0.65,0.56,8.5,2 (robust)
US100,I25,IBS < 0.25,X1,exit at next session's 15:55,DN,Close < SMA(200) of D1,0.64,0.57,11.8,2 (robust)
US100,R5,RSI(2) < 5,X1,exit at next session's 15:55,F0,no filter,0.62,0.69,11.5,2 (robust)
US100,R5,RSI(2) < 5,XU,"exit at first up close (Close[0] > Close[1]), max 5 sessions",F0,no filter,0.62,0.68,6.9,2 (robust)
US100,I10,IBS < 0.10,X3,exit after 3 sessions,DN,Close < SMA(200) of D1,0.61,0.54,4.2,2 (robust)
US100,L10,Close <= lowest close of last 10 sessions,XU,"exit at first up close (Close[0] > Close[1]), max 5 sessions",F0,no filter,0.59,0.73,18.4,2 (robust)
US100,I10,IBS < 0.10,X1,exit at next session's 15:55,F0,no filter,0.57,0.75,22.4,2 (robust)
US100,L10,Close <= lowest close of last 10 sessions,X1,exit at next session's 15:55,F0,no filter,0.57,0.71,32.5,2 (robust)
US100,K2,2 down closes in a row,XU,"exit at first up close (Close[0] > Close[1]), max 5 sessions",DN,Close < SMA(200) of D1,0.55,0.48,6.2,2 (robust)
US100,K2,2 down closes in a row,XU,"exit at first up close (Close[0] > Close[1]), max 5 sessions",F0,no filter,0.55,0.77,27.3,2 (robust)
US100,L5,Close <= lowest close of last 5 sessions,X3,exit after 3 sessions,DN,Close < SMA(200) of D1,0.55,0.48,7.0,2 (robust)
US100,L5,Close <= lowest close of last 5 sessions,XU,"exit at first up close (Close[0] > Close[1]), max 5 sessions",DN,Close < SMA(200) of D1,0.55,0.48,7.3,2 (robust)
US100,L10,Close <= lowest close of last 10 sessions,X3,exit after 3 sessions,F0,no filter,0.54,0.75,18.5,2 (robust)
US100,L5,Close <= lowest close of last 5 sessions,X1,exit at next session's 15:55,DN,Close < SMA(200) of D1,0.54,0.47,12.9,2 (robust)
US100,R20,RSI(2) < 20,XU,"exit at first up close (Close[0] > Close[1]), max 5 sessions",DN,Close < SMA(200) of D1,0.53,0.46,6.9,2 (robust)
US100,R20,RSI(2) < 20,X1,exit at next session's 15:55,DN,Close < SMA(200) of D1,0.52,0.45,11.5,2 (robust)
US100,K3,3 down closes in a row,XU,"exit at first up close (Close[0] > Close[1]), max 5 sessions",F0,no filter,0.5,0.61,11.7,2 (robust)
US100,R10,RSI(2) < 10,XU,"exit at first up close (Close[0] > Close[1]), max 5 sessions",F0,no filter,0.5,0.62,13.4,2 (robust)
US100,K5,5 down closes in a row,XU,"exit at first up close (Close[0] > Close[1]), max 5 sessions",F0,no filter,0.49,0.53,2.2,2 (robust)
US100,R10,RSI(2) < 10,X1,exit at next session's 15:55,F0,no filter,0.48,0.6,23.3,2 (robust)
US100,R20,RSI(2) < 20,X3,exit after 3 sessions,F0,no filter,0.47,0.77,25.5,2 (robust)
US100,K2,2 down closes in a row,X1,exit at next session's 15:55,DN,Close < SMA(200) of D1,0.45,0.37,10.7,2 (robust)
US100,K2,2 down closes in a row,X1,exit at next session's 15:55,F0,no filter,0.44,0.67,46.0,2 (robust)
US100,K5,5 down closes in a row,X1,exit at next session's 15:55,F0,no filter,0.44,0.48,3.1,2 (robust)
US100,L5,Close <= lowest close of last 5 sessions,X3,exit after 3 sessions,F0,no filter,0.44,0.79,29.1,2 (robust)
US100,I10,IBS < 0.10,X1,exit at next session's 15:55,DN,Close < SMA(200) of D1,0.43,0.38,5.0,2 (robust)
US100,K3,3 down closes in a row,XU,"exit at first up close (Close[0] > Close[1]), max 5 sessions",DN,Close < SMA(200) of D1,0.43,0.38,3.2,2 (robust)
US100,R5,RSI(2) < 5,XU,"exit at first up close (Close[0] > Close[1]), max 5 sessions",DN,Close < SMA(200) of D1,0.43,0.41,1.9,2 (robust)
US100,R5,RSI(2) < 5,X1,exit at next session's 15:55,DN,Close < SMA(200) of D1,0.42,0.4,3.4,2 (robust)
US100,L10,Close <= lowest close of last 10 sessions,X3,exit after 3 sessions,DN,Close < SMA(200) of D1,0.41,0.33,5.2,2 (robust)
US100,R20,RSI(2) < 20,X3,exit after 3 sessions,DN,Close < SMA(200) of D1,0.4,0.33,6.2,2 (robust)
US100,D15,Daily return < -1.5 x 20-day std of daily returns,XU,"exit at first up close (Close[0] > Close[1]), max 5 sessions",DN,Close < SMA(200) of D1,0.39,0.35,3.5,2 (robust)
US100,D15,Daily return < -1.5 x 20-day std of daily returns,XU,"exit at first up close (Close[0] > Close[1]), max 5 sessions",F0,no filter,0.38,0.53,15.6,2 (robust)
US100,L10,Close <= lowest close of last 10 sessions,X1,exit at next session's 15:55,DN,Close < SMA(200) of D1,0.37,0.3,9.6,2 (robust)
US100,L10,Close <= lowest close of last 10 sessions,XU,"exit at first up close (Close[0] > Close[1]), max 5 sessions",DN,Close < SMA(200) of D1,0.37,0.31,5.2,2 (robust)
US100,K3,3 down closes in a row,X1,exit at next session's 15:55,F0,no filter,0.35,0.47,19.2,2 (robust)
US100,R10,RSI(2) < 10,XU,"exit at first up close (Close[0] > Close[1]), max 5 sessions",DN,Close < SMA(200) of D1,0.33,0.29,3.5,2 (robust)
US100,R10,RSI(2) < 10,X1,exit at next session's 15:55,DN,Close < SMA(200) of D1,0.32,0.28,6.1,2 (robust)
US100,R5,RSI(2) < 5,X3,exit after 3 sessions,DN,Close < SMA(200) of D1,0.29,0.26,1.9,2 (robust)
US100,K3,3 down closes in a row,X1,exit at next session's 15:55,DN,Close < SMA(200) of D1,0.27,0.21,5.1,2 (robust)
US100,R5,RSI(2) < 5,X3,exit after 3 sessions,F0,no filter,0.2,0.32,7.1,2 (robust)
US100,D15,Daily return < -1.5 x 20-day std of daily returns,X1,exit at next session's 15:55,F0,no filter,0.14,0.3,18.0,2 (robust)
US500,K5,5 down closes in a row,X1,exit at next session's 15:55,DN,Close < SMA(200) of D1,0.69,0.68,1.4,2 (robust)
US500,K5,5 down closes in a row,XU,"exit at first up close (Close[0] > Close[1]), max 5 sessions",DN,Close < SMA(200) of D1,0.69,0.68,1.1,2 (robust)
US500,I10,IBS < 0.10,XU,"exit at first up close (Close[0] > Close[1]), max 5 sessions",F0,no filter,0.67,0.79,19.2,2 (robust)
US500,K5,5 down closes in a row,XU,"exit at first up close (Close[0] > Close[1]), max 5 sessions",F0,no filter,0.61,0.63,2.3,2 (robust)
US500,K5,5 down closes in a row,X1,exit at next session's 15:55,F0,no filter,0.6,0.62,3.3,2 (robust)
US500,K3,3 down closes in a row,XU,"exit at first up close (Close[0] > Close[1]), max 5 sessions",F0,no filter,0.54,0.61,11.8,2 (robust)
US500,K3,3 down closes in a row,X1,exit at next session's 15:55,F0,no filter,0.52,0.59,19.2,2 (robust)
US500,L5,Close <= lowest close of last 5 sessions,X3,exit after 3 sessions,DN,Close < SMA(200) of D1,0.48,0.46,7.5,2 (robust)
US500,K2,2 down closes in a row,XU,"exit at first up close (Close[0] > Close[1]), max 5 sessions",DN,Close < SMA(200) of D1,0.45,0.42,6.9,2 (robust)
US500,R10,RSI(2) < 10,XU,"exit at first up close (Close[0] > Close[1]), max 5 sessions",F0,no filter,0.45,0.52,13.5,2 (robust)
US500,K2,2 down closes in a row,X1,exit at next session's 15:55,DN,Close < SMA(200) of D1,0.44,0.41,12.1,2 (robust)
US500,R10,RSI(2) < 10,X1,exit at next session's 15:55,F0,no filter,0.44,0.51,21.7,2 (robust)
US500,K4,4 down closes in a row,XU,"exit at first up close (Close[0] > Close[1]), max 5 sessions",F0,no filter,0.42,0.45,4.7,2 (robust)
US500,R10,RSI(2) < 10,X3,exit after 3 sessions,DN,Close < SMA(200) of D1,0.42,0.41,4.3,2 (robust)
US500,I10,IBS < 0.10,X3,exit after 3 sessions,F0,no filter,0.41,0.65,18.2,2 (robust)
US500,I25,IBS < 0.25,XU,"exit at first up close (Close[0] > Close[1]), max 5 sessions",DN,Close < SMA(200) of D1,0.41,0.37,8.8,2 (robust)
US500,K4,4 down closes in a row,X1,exit at next session's 15:55,DN,Close < SMA(200) of D1,0.41,0.39,2.9,2 (robust)
US500,K4,4 down closes in a row,X1,exit at next session's 15:55,F0,no filter,0.41,0.44,7.8,2 (robust)
US500,K4,4 down closes in a row,XU,"exit at first up close (Close[0] > Close[1]), max 5 sessions",DN,Close < SMA(200) of D1,0.41,0.4,1.8,2 (robust)
US500,K3,3 down closes in a row,XU,"exit at first up close (Close[0] > Close[1]), max 5 sessions",DN,Close < SMA(200) of D1,0.39,0.35,3.8,2 (robust)
US500,I10,IBS < 0.10,XU,"exit at first up close (Close[0] > Close[1]), max 5 sessions",DN,Close < SMA(200) of D1,0.38,0.34,4.7,2 (robust)
US500,K3,3 down closes in a row,X1,exit at next session's 15:55,DN,Close < SMA(200) of D1,0.38,0.35,6.2,2 (robust)
US500,R20,RSI(2) < 20,XU,"exit at first up close (Close[0] > Close[1]), max 5 sessions",DN,Close < SMA(200) of D1,0.38,0.35,6.9,2 (robust)
US500,R5,RSI(2) < 5,XU,"exit at first up close (Close[0] > Close[1]), max 5 sessions",F0,no filter,0.38,0.43,6.6,2 (robust)
US500,R20,RSI(2) < 20,X1,exit at next session's 15:55,DN,Close < SMA(200) of D1,0.37,0.34,12.8,2 (robust)
US500,R5,RSI(2) < 5,X1,exit at next session's 15:55,F0,no filter,0.37,0.42,10.5,2 (robust)
US500,L10,Close <= lowest close of last 10 sessions,X3,exit after 3 sessions,F0,no filter,0.36,0.52,17.8,2 (robust)
US500,I25,IBS < 0.25,XU,"exit at first up close (Close[0] > Close[1]), max 5 sessions",F0,no filter,0.35,0.59,39.6,2 (robust)
US500,L5,Close <= lowest close of last 5 sessions,XU,"exit at first up close (Close[0] > Close[1]), max 5 sessions",DN,Close < SMA(200) of D1,0.35,0.32,7.3,2 (robust)
US500,L5,Close <= lowest close of last 5 sessions,X1,exit at next session's 15:55,DN,Close < SMA(200) of D1,0.34,0.31,13.1,2 (robust)
US500,L5,Close <= lowest close of last 5 sessions,X3,exit after 3 sessions,F0,no filter,0.34,0.6,28.3,2 (robust)
US500,R5,RSI(2) < 5,X3,exit after 3 sessions,DN,Close < SMA(200) of D1,0.34,0.34,2.1,2 (robust)
US500,K2,2 down closes in a row,XU,"exit at first up close (Close[0] > Close[1]), max 5 sessions",F0,no filter,0.32,0.48,28.5,2 (robust)
US500,R10,RSI(2) < 10,X3,exit after 3 sessions,F0,no filter,0.32,0.47,13.7,2 (robust)
US500,R20,RSI(2) < 20,XU,"exit at first up close (Close[0] > Close[1]), max 5 sessions",F0,no filter,0.31,0.47,26.4,2 (robust)
US500,R5,RSI(2) < 5,X3,exit after 3 sessions,F0,no filter,0.31,0.41,6.9,2 (robust)
US500,K2,2 down closes in a row,X1,exit at next session's 15:55,F0,no filter,0.3,0.46,46.6,2 (robust)
US500,L10,Close <= lowest close of last 10 sessions,XU,"exit at first up close (Close[0] > Close[1]), max 5 sessions",F0,no filter,0.3,0.4,18.4,2 (robust)
US500,L5,Close <= lowest close of last 5 sessions,XU,"exit at first up close (Close[0] > Close[1]), max 5 sessions",F0,no filter,0.3,0.47,29.1,2 (robust)
US500,R10,RSI(2) < 10,X1,exit at next session's 15:55,DN,Close < SMA(200) of D1,0.3,0.28,7.5,2 (robust)
US500,R10,RSI(2) < 10,XU,"exit at first up close (Close[0] > Close[1]), max 5 sessions",DN,Close < SMA(200) of D1,0.3,0.29,4.2,2 (robust)
US500,K5,5 down closes in a row,X3,exit after 3 sessions,F0,no filter,0.29,0.31,2.4,2 (robust)
US500,R20,RSI(2) < 20,X1,exit at next session's 15:55,F0,no filter,0.28,0.44,45.1,2 (robust)
US500,L10,Close <= lowest close of last 10 sessions,X1,exit at next session's 15:55,F0,no filter,0.27,0.37,30.8,2 (robust)
US500,L5,Close <= lowest close of last 5 sessions,X1,exit at next session's 15:55,F0,no filter,0.26,0.43,49.3,2 (robust)
US500,L10,Close <= lowest close of last 10 sessions,XU,"exit at first up close (Close[0] > Close[1]), max 5 sessions",DN,Close < SMA(200) of D1,0.22,0.19,5.6,2 (robust)
US500,L10,Close <= lowest close of last 10 sessions,X1,exit at next session's 15:55,DN,Close < SMA(200) of D1,0.21,0.18,10.1,2 (robust)
US500,K4,4 down closes in a row,X3,exit after 3 sessions,F0,no filter,0.16,0.2,4.9,2 (robust)
